Stock_A,Stock_B,Stock_C,Stock_D
100.0,120.0,90.0,150.0
98.2628204029422,121.68476796832664,91.61529000262277,150.83050464859548
97.07371184852748,123.7692485716361,90.1959864799936,153.83968849666346
95.90747803805199,122.83463295342696,88.88813641624068,151.6712807534149
95.94494757464578,123.93525441691249,88.39008677998952,149.86385250730754
96.52305180541714,126.05309525811046,88.1390942609334,146.96821593584545
97.47907931518455,128.27033835905928,88.95298380412703,148.2426805753862
97.87167325714337,127.10736632236855,89.56353169455969,148.84622437068202
99.34203228190134,128.5336350940779,89.90478428920524,148.6741858175247
99.14816973862266,126.99252557490138,89.34128612644912,149.5608583046225
98.34702406231497,128.81336484984058,90.03720954150681,149.87379849930784
99.91824243390853,126.31157598479103,91.34420610676167,151.77003879391546
101.66002969749987,127.12262155725477,91.96060587651567,154.59713759226597
103.00077656950283,125.0094723555155,93.50362000649503,152.21295515340861
103.0703582253177,126.85158794903137,93.28920286268486,149.8593624868156
103.1350517199511,126.59191830903053,92.10873153717029,151.24413103189747
103.94463239858763,126.7034291699195,92.5744343109023,149.3585631069044
104.45788744613014,125.69857380303463,94.23330074417144,148.5318275160736
104.63709298729829,127.07216651267589,95.82793621860381,147.71096790879417
105.86169996987539,126.64691524446961,97.15016724095373,145.69537948152674
107.86338084800255,127.05057179037232,96.62459531462699,145.615697734511
105.72760119529252,125.84249723721777,97.22432888258354,146.55440103424917
107.04646832298837,124.32895944179234,96.96340950181742,143.88886553032853
105.90075577188227,122.7607794453324,97.14047609094348,146.48806733461603
106.63643247102404,122.24436068103404,97.14184116632158,146.84679192158822
107.10588928600191,123.55427228904763,98.03926451219142,146.21533202734196
106.58374299982626,121.11861673870533,99.44137766752168,144.18199920146824
104.98483275033915,122.92790498277687,99.00817846562958,145.07073968832907
105.13973172073453,122.26246142148162,97.991956707244,146.53751286503623
106.25306802325481,122.59453139056524,97.10688989650392,146.5492553810328
107.52299062980296,124.0154979814589,97.30974592328096,145.1686161153038
106.70470891024739,122.99002475625424,96.89943791477077,146.88003982505782
105.47440124502634,124.13674637837684,97.1794779371488,146.585897225483
105.90707800890452,124.65818388120428,97.29443696630453,144.3191465988503
105.61289766847017,123.66629224335182,97.9977040256573,143.69387359692334
105.35100619830628,125.89328382014517,96.60975054330972,142.93188626618362
104.21683787760624,126.41478249719123,98.47953547112624,140.17987384715977
105.79904585892814,124.48032169999827,96.8497288534019,142.26962248717837
106.09846492865755,123.95927605101248,95.52158799223578,139.54054121071846
104.44264474015887,123.11748994554675,96.03787016725407,139.04608154355066
103.2533555477018,125.14319261854259,95.8434371368673,140.03963366330757
103.40244230531596,126.76091197621601,97.72148638531294,142.49352880135547
103.56104513130894,129.11742235624152,98.50946941708288,144.79610786699556
105.44012904693625,128.04461513494945,99.40973723529582,147.61772405720464
106.91607493734278,130.2799023300586,100.58803743443714,149.97695854857562
104.83650878179365,128.40853918993403,100.52161815436422,149.66067518456225
106.74550953227072,128.9531334113555,102.38177399505592,147.79759317869275
108.47020232931257,130.94427429023952,101.16784980980826,148.4419428775854
107.2400374382799,129.31436295488584,103.0013415225239,149.11193449904115
106.55804559872621,131.65787796226837,101.14183349128848,149.6843526095513
108.49601934690598,133.2587658166154,102.02355080433232,148.48826500824205
109.88804727470237,133.63188228933723,100.20863673274194,147.60079875784905
110.01100869371636,133.93106020266023,98.92433352746392,148.6922142202279
108.5936354737999,133.60428465109072,99.00576088135993,149.61171626492984
109.97810898092065,134.45171909813735,100.32500144470713,149.82178201615025
111.22064343793784,133.67880482058553,98.64939784656384,147.51101048539
109.0141944997119,134.7496264843239,99.68866717766042,144.6202572970398
108.51952082028262,134.08277526571152,98.79396718017887,146.87794913458376
106.48021513997539,136.17934210616605,99.76512502456119,148.42344165094346
107.42405010662658,137.46743625147195,99.10579361246049,147.2821697378007
105.56596420240815,134.78941274868777,99.34482054743114,148.99155660566007
107.09382632473677,135.09582106283412,101.03395439799381,148.7205518971522
107.82010128611834,137.02895149722556,102.73579773101973,146.24170194067108
109.52980137937035,138.23340406355038,103.3076348633339,145.4037310542811
110.33604179770497,139.89446130651652,103.5584838581758,144.99200233972925
108.28112420417614,140.80139259620154,105.25773458437041,145.60041868066844
107.8075883189986,138.20192243957422,106.18357120737159,148.28858163719116
109.88074343977762,138.45303101196447,107.58120728072821,146.2613020545352
111.81331838224133,136.2627102631354,109.48650747275249,143.6406935007941
112.02650305426947,134.61963655256653,108.27141591200353,144.1855410355116
111.72750766212503,132.93994254518535,109.57404756457072,143.06815489393637
113.2559923991976,134.36226227544205,107.94663758545408,145.83637301261297
112.09676708818317,132.35360521799274,106.90040378470515,143.46217964547176
113.12212024303996,133.19925122800575,105.3755118933352,143.55043172493805
112.23332693040152,132.78252825611534,105.99176400110314,144.8959214388246
112.18005151563719,131.29622020483112,106.76414958425275,146.1577425743992
111.90102102545355,128.98173255037594,107.73901466940237,146.1842412159887
112.0075889345112,128.97398579081647,107.04479281700277,148.03170875184412
109.94270649550627,128.61963026334038,108.96135621905724,150.16074551579217
111.56749111549279,130.19135369279076,110.77370958814937,149.18080182855516
111.95347348168401,131.28267694836674,109.8436886208412,151.46302764646467
113.02310978101643,131.19914930265676,108.28598912307909,149.84927061180255
114.09247465289174,133.60558734426414,109.65410628915704,151.04222818955336
112.26417340608957,133.49713255839828,107.61815953473604,153.77496689352097
111.27962684933013,131.69562023859035,108.69513314855736,154.94945408342
109.22191192533316,131.07271440633332,109.47688993464764,155.8687339622647
108.53859380174282,129.01509573925875,110.40181984714967,158.45594619827918
106.54903376994227,129.9082698117974,108.94371815066168,159.84149697351313
107.7733238806242,130.8866858099065,108.82320440590898,160.5780200713831
107.14890137157398,132.51381759834445,110.39373763264456,160.45906620444416
107.67243271850336,130.87003047178612,110.53897742894837,161.57502958660524
106.89595218976261,130.36667903746573,110.98761272245969,162.174383667299
107.00658157444062,130.02341981387556,108.81391241173962,160.51260986251256
108.49713495797671,130.41198595784485,106.69048275179435,159.95116400336977
108.75369964858136,129.851278524102,107.07114349623805,159.6248569228076
109.50899892506368,129.77503564127625,108.41385857062937,162.74910973212232
110.71151630078097,127.56432697950065,107.74197430465189,164.29369207509998
109.2393513933431,129.6635829007883,105.95109850469704,162.24736874451798
107.34526540678083,132.2303631412559,105.79376737228999,159.18022693849207
105.35542364956072,134.2603659570452,104.62083447779172,160.28425408072616
107.32239698356389,136.66725790884587,105.2400926860416,161.4085526214169
108.5829662050866,138.88672159226138,104.08888442608445,159.31461031107563
109.84724793069327,140.32818445970761,104.60083981104134,159.93447730898427
107.92090541658044,142.5156067191671,105.74066866015127,160.65124170550078
109.92411330896563,142.33190076131794,104.41829206987579,163.76313778514273
109.09367249085993,139.65150132323635,105.61846062215366,161.6401413810047
110.5440272952635,137.05313125322652,106.61852383372643,162.96167881241146
110.9720086225618,135.64768899819867,107.11564031782865,162.18765180182885
109.03392253131969,133.04498628479973,109.04737334714035,162.2547718984537
110.15528017265054,131.40219034445,107.80724487622118,165.17250761918606
110.1626174622555,132.577765304857,107.66934429453978,162.96802138791304
111.85863350156512,134.4606745298128,105.81625870173254,160.65803482974667
113.9930302031462,136.06967593871332,106.93115430655631,157.63739577279026
112.38595930107633,137.7636940249547,107.8471831417714,159.54419267383457
114.61948376101135,135.04284022796085,107.68239661991149,162.16032311269734
116.19568470732231,135.4855141886098,108.76622971427172,159.2340354335816
115.76265972138499,137.58434438622243,108.02420776479738,157.7893490012224
113.62962002827734,137.41320595622994,109.14263652056637,156.6267439038389
112.69279171290586,138.57693779379687,107.53057396015637,155.3578115835761
111.75418534292562,136.31211090548211,106.16174007833773,153.97320052262774
112.55121880027909,136.02872901679928,105.93472235970468,153.75941477438573
113.68391849905966,134.1881904881653,105.01242851934765,154.6457920218556
112.07898272713221,131.98353713857674,103.01896259193627,152.5176840520059
110.45677915358901,132.5001925066836,103.7786631106692,152.126786630178
108.3726176465342,130.47111956933085,103.70935537574023,152.88192595870765
106.3334097637511,129.5951041297912,105.73631774661112,151.67360668562188
107.47770405935611,127.55294107291738,105.96957265314182,154.31479056993282
105.41229979983514,126.09775745956146,104.59278960937957,157.12130689956314
105.78914904170617,128.3117318926227,104.86453334420689,158.89545678889533
106.49741840258221,129.1844613014638,106.42409075796485,159.51499348151282
104.89250490390016,126.71799555677924,106.99445502420669,160.53912776358138
103.99972707738218,127.94928248506312,105.31811858935704,160.29875593175538
104.87186088855101,126.79774191327574,105.15835604934192,162.30301840379525
106.32070383348731,127.55568075397028,106.98209174708886,160.71613240700415
104.28091206999245,129.55091456974333,107.1105775956486,163.51318971823127
105.81669719136627,129.54797399716477,108.82227390549909,166.3848907707026
106.4420088763534,128.19197125166792,110.70281466067568,166.4886668263661
104.81718709905223,128.77371152238055,109.83157304167145,166.39051472170817
104.16299741926235,126.5108106020547,108.9535931275428,163.23348507566095
104.33785666301908,124.14269387929231,111.01155675504344,162.92399231287126
103.99169338679528,126.46364642138131,109.29564176680275,161.87429445035536
103.20923521225478,128.54648094531026,110.82595491876035,158.63696192381374
103.09083206675754,127.67864285897488,112.61410826982785,161.52804774529108
104.64013038636246,127.88400722737236,112.54780661437435,159.3847790675462
103.63109784523168,127.55135611040845,113.02509539906444,162.02835201123276
103.11995777840079,129.44558662766792,112.07754425661423,159.20211148592037
103.9230124083823,131.5437009963041,110.80569818575084,161.62294576613948
104.3901062452006,132.73722539769398,108.63381512883159,160.25918186500294
105.46650720065969,130.30236517588227,107.89251387699628,159.82330546278126
106.33524342082742,132.635472615634,109.98398839381922,161.46865334981067
106.04690020284247,132.02971060251983,108.14425191941798,163.6458182210209
106.47483476498819,134.42427607359718,107.78603274857542,161.73555997392822
104.9128344938121,135.59848077387508,106.30113915435291,159.07143314777943
106.40182159465073,137.91863128411902,107.45146146052416,157.87827486556833
106.46883717314617,135.760651134327,107.00317936146831,155.21741431906025
108.46339640164632,133.05250184260984,105.86837636334506,153.2210493261555
110.52298798910655,132.81954718772118,105.96192943456292,155.52834060225555
112.24269480115662,135.45379198254005,105.70406187955682,152.57594181191456
114.48537041796028,133.69869722182872,107.03470514223648,154.94347957954986
113.0840147429955,135.49190310545546,105.7051895557603,157.3098314539873
115.17553968112837,132.92170269393063,107.29158082383228,157.53837632947418
114.21132408934304,130.89932207550984,106.1620441019917,160.17473718635543
112.34251640825389,128.82311099936248,104.477568477043,160.42212413743022
114.58139125590606,130.21124404083443,105.7411798177193,162.65905447022018
115.75453423160029,129.27375955966065,104.28842250447579,161.84718454315234
114.70648425124924,128.57597133115613,105.80663808542505,161.2477323771372
114.31455254188411,130.3170576724994,105.09081593170522,163.08438498635786
112.12396804302897,131.44112554208598,103.65346268442347,161.13382918920402
111.50752092904067,129.26512896416875,104.2199644010101,160.21963282103988
112.8505889092176,130.68343161944748,106.17260049643333,162.24848190562028
112.00600870124168,132.85980809289407,105.5778267415146,164.7244817072474
111.4063350856147,132.58301816970675,105.74776120603443,164.0011092703378
112.05201123976083,133.2639243834127,107.83770652410578,164.94576855817635
112.4488957938331,133.6882491754649,108.0015156393137,165.77783665962713
114.28300547687468,131.04519420847208,108.57853725080452,167.00792803412008
112.33318165584794,130.71254762232556,108.56903042268593,166.27373767801402
111.20948112931259,128.56423491464088,109.73762730940318,165.08467524009453
111.29401086205489,127.48900264538759,110.37033543745318,162.6159847611317
113.38286723434011,126.74155931706845,108.49136309954396,162.80937640111998
111.49691433372148,129.2115296704239,107.32189411348071,164.37567687539328
110.00888769567278,128.31161421915274,106.32207453327925,161.3232121208468
111.340782171102,130.10923147424657,107.67890498697918,159.68430240365203
112.47377764731989,128.1687644446899,108.39740643534368,162.40724255137948
113.03765936974807,126.61610076997715,109.3738964635472,160.0072029135737
111.53423834734055,129.04757460269616,109.00775065959901,161.76731855599823
113.18191607385357,130.80772767128437,111.13482325019977,163.35329011639743
113.04075925825413,128.19336620750727,109.45256872977056,163.06231625966967
111.15783639653509,130.44907022429527,107.31308057817043,165.52149291897277
110.13153841135309,127.94203806855249,109.36347575185883,166.0917100722975
110.11336527260187,126.64902993820775,110.55123978197888,167.02353228450048
110.6838300609214,127.9569720228563,111.97552640642887,166.30066064123199
110.4549017181444,128.98595718514676,113.13680419871389,169.07340693843824
111.67483580202641,131.13836756687306,114.9112284516722,172.06217438304324
113.58384416153282,133.3482673612029,113.55014333883994,174.2797218859026
113.8857111700897,135.37296426346333,111.28905480537688,171.83184229224926
115.38608368660964,134.22895985044147,109.56534353348279,175.12894795206014
113.41405344797215,132.92943924857764,108.15451870900426,174.96961804756128
114.13302511126922,133.67678167055675,107.12356114037199,172.5235523698334
114.31759032094128,136.05404041930143,107.56549481914686,175.49744017836008
112.04324372479583,138.22686469328787,107.73013855864899,178.78538022312725
110.29838493394774,136.4150712467139,108.85478430928545,182.32229128097632
108.42978303284205,135.33826904661186,108.20531845117179,183.89155076976235
109.19741303509467,136.0651199002948,108.4478893712835,181.88651094620747
109.25807354154244,135.6471963370274,109.36190200139828,182.96372565837046
108.26940026604967,135.84142694898756,111.23073742592601,180.03761891886205
107.86040573102665,138.55338920159423,110.5011005639809,182.3595274623355
107.58117035300167,141.15991010431878,110.21354308320375,183.0735731094585
109.69200122922888,139.99482576260561,109.24594287359673,183.24561452781472
107.93348213206006,137.42387003057584,109.64203374013677,183.4150759379743
107.90433350123368,136.86789296820322,110.23329286972472,185.9101657704421
107.14396060928789,136.8349389143561,111.31115695763347,183.90176291369409
108.27222886876126,136.66567296109315,111.49779701623098,184.48035525643195
109.14649065642759,139.32177739862792,110.76151687826426,185.45069565238185
111.07535282116167,138.9931543912458,112.6339285133194,184.6232340631361
112.0599001790189,137.54169373348319,110.61815611084317,183.75081221949736
110.23128992206226,139.3976826712534,111.92255120296858,185.85603815878346
110.92040320057163,140.65279524718437,113.28729733385043,188.06467132670159
112.0503719289372,142.90724326596663,111.90694009112828,188.8458032331625
114.25437941004947,145.32203892293143,113.29911289172583,186.18918366921352
116.46677152088887,148.08697101262314,112.17406968807222,185.47455749821108
114.75094548219636,149.62728900629708,111.19500944093235,185.93341753202213
115.96327258271228,148.23870561159933,111.54270879528977,189.43809009620307
114.70385921871703,148.35524748226197,110.0498069814224,191.86620976924846
112.96034022303049,147.31076649749357,108.01116850714462,192.60442357340997
112.06331708636044,150.17482120998497,105.87155309479576,192.23594604731542
113.56654348040958,153.14238965416922,105.5397276437187,189.32246664315034
114.71606292222054,153.75487583503406,105.3139637650479,191.2410486969001
116.29206896547961,151.76322436640334,105.70666293768062,194.88456590198436
116.11393376201757,150.24847887752205,107.0949428405188,195.4145489631797
115.91016094550343,148.93328494512414,106.05308204574567,193.6209245293262
113.74702404498312,150.25183074540996,105.37154066512612,196.00580565354767
114.33890871808288,152.93715965883197,104.09753556301408,195.01924019967507
112.78733815299654,155.81779091801627,105.97603848298978,194.450106941233
110.99972187787422,153.14956328343737,104.08685291783101,196.38801520296917
108.81640028413031,153.56811854743935,102.43918904261781,197.31593510865517
107.48230788975162,152.28163868001454,100.85149880731913,200.52916421374758
107.33111881355386,154.8789968704836,101.39098707292507,203.28188254471962
106.94421643930339,157.6253526869233,100.63042690118671,201.39969757683073
107.20224488795918,157.7223225799164,101.48060454278136,201.2497736190078
107.8771410935123,157.58833356007256,100.14791626544243,200.90734063290122
107.15672660166379,154.48540689540766,99.70553213179136,197.68261720185356
107.18692274412281,155.61148939029044,100.86064879037927,195.7783112589234
106.54785317104455,155.54310675533299,99.24947787338378,192.20398544054075
108.42795062612285,156.63162023047568,100.56431290054742,191.65092620157466
107.05773657303062,154.93180498949428,100.62769321161346,191.0585309564833
105.65841034695927,152.47610174822913,99.33058704124498,188.89218234092485
103.96915189122278,153.76628306576092,98.91294097555311,190.2276163194956
103.1465234058859,154.17744256306742,100.22944205355627,189.05668206651703
101.37404289472227,155.93096777536496,101.36922911125991,187.59697754527465
100.7339242515281,155.8937469350324,102.89948229423534,190.53841790595976
101.04621048006206,155.60364210683142,104.59730172417338,188.72930726856734
99.64663588387056,157.63472987828658,103.9922266968456,187.2158220299547
101.32466271380747,155.6676388836029,104.44237290653979,189.05133103896048
102.28927762609734,157.9080514759607,102.35446561804142,188.7607123225244
102.28921851919289,158.79654613866492,101.6168368459476,192.08372016840084
101.9611047804932,159.63540052835103,103.62975064146724,193.82982516181477
101.90236665187241,156.87396407335984,102.87806513289861,194.36381285616142
101.3112600268285,158.92464585170967,103.78478734946928,194.08191495863517
101.21188845119092,156.4748618790727,103.08886322962717,191.06548642098772
100.16598143970234,154.14070070720427,103.0862582210144,192.5680756572899
100.89583345225677,151.09839223103873,103.17426369578557,195.26949056221483
100.18765242029188,148.23039686810515,104.10705366190436,195.68940910515246
100.18385050450316,148.37466609602038,104.94058381798567,195.86717499092725
99.4601852987617,149.7826813758674,106.03404159377624,191.95103537916228
98.03923662095882,151.02257049264944,108.13334919796256,188.85480508598818
98.55371494656492,151.25149514817875,107.6972463772155,185.68491453639325
99.9663099774605,148.95739573522636,107.12357147425745,183.11941390716225
98.51253276897899,146.97190248973027,107.90860218219353,181.46949369383216
100.36085071309671,145.53735017869678,109.33435201182742,184.66993443578346
100.97224018336006,144.2797195405459,109.19412586984585,183.53998696311453
101.4150920610316,144.86035513411065,111.18459357373982,185.1663279710913
100.48339103669028,144.39287874730655,111.27621318925992,187.70271636613896
100.49131550547871,145.4011305147285,113.2810918403453,187.8961989563104
100.73756340585003,144.27736404735938,113.95072795678026,187.54221197714003
102.16968259063947,146.66439576844445,116.07260372074548,183.83891605311908
103.28881111854614,148.4493279432487,117.8725905924594,186.74030458863626
102.49334840282995,148.43186357665832,116.49093247822199,185.76813470107493
104.11301484285539,151.1070965419987,116.27635267834577,188.7143327023897
104.35920380563958,151.5914262334579,118.04112452192474,185.48107674213924
102.79439504962188,153.36583549613346,120.32696752251148,184.80250033676865
103.00410708299854,155.17637740107324,120.44007986693394,184.48372337331355
101.57893897428575,152.73326716182115,118.76084907835167,182.0552340517958
102.03291133348577,153.77981997578055,117.16004262434697,178.50786146166692
100.76284178194206,151.22535250240378,115.80403720858493,181.1860921214236
100.6064679950267,153.52301354508685,116.60799198211166,182.5679304208463
100.63487887266346,152.3532303277388,115.14748912625609,179.8844451353877
100.64981175030267,153.77492055936264,115.19884357443333,178.498127875592
101.10192050838272,154.4303528528675,116.08456085416807,177.66703900809514
99.21974125521926,156.3296811430073,114.75707506011861,178.07658191529075
99.74739393798109,154.89892349879494,114.56074502952623,180.5055532681017
100.95423637493015,157.22536397106518,115.94497451628254,179.36954960155222
101.37191161435271,156.7375089621752,115.57823275048602,177.3868739678609
101.49563655743846,154.95642979487448,116.7418015431706,174.5367916247435
99.56267024335115,153.04600718220172,118.39834624035991,171.96939017308577
101.31252953309759,155.20320377018461,119.15488897797431,171.80806384048677
103.2236981894608,157.20528113158585,117.14130932430454,172.1734946889789
102.92792886947288,156.18043970349026,115.66858215979258,171.32419774879477
104.95815431222987,157.74766033591212,117.33661702057917,173.84865023483982
103.87806117974655,157.2292294482792,119.32981261179945,171.17042642898122
102.89636145272569,158.56045216956807,118.75250505716346,173.80170441248075
100.83910745804651,160.76421889653355,118.64611517231575,170.82990031604032
102.44762452822214,159.72609521591872,117.39833879666341,169.34533470273874
104.12987178113089,161.06496444013294,116.88857438019463,167.50030560899148
103.9422737138726,161.707719299557,115.18121401679204,170.83325878727436
103.0398377040512,163.04777253550313,113.96883878690738,169.45311042419115
102.73544787640404,160.30695413279193,116.11862272186983,169.2998220978815
101.60599421745877,157.30854306576774,114.49469529492012,171.69466979831995
103.16382055898221,157.6468314854745,115.13478792969836,173.01737224659973
104.35552420739603,160.7270491641981,115.64847394153276,173.6730007691383
104.08661369559478,161.05874767146733,113.7540468964442,172.9601928250813
105.40893221652823,161.19339276617052,112.02323630155541,172.66574167879324
104.95825622591789,162.39986839874217,111.95135003945546,170.63129715815856
103.38963478120819,162.96046776948808,113.59976281699005,172.52024126305955
102.5617549120787,162.3702663540701,112.2892656717151,175.08319024197627
103.25966282982789,159.18580769187759,110.95459077005336,172.9243761364284
102.66846215294314,157.56151400880748,109.06714205874489,170.07970694423085
100.70743044895933,158.7738875421858,108.39471969527771,172.6146244737053
102.13307850405789,160.9262493653434,110.4728911979671,170.42048744605998
101.16784004795717,161.55061271855746,112.58770606250737,168.59270461076454
101.7993328798223,159.07701998982645,112.42453715452537,168.1216114533422
102.16395614946376,156.19211079898332,112.2773209314206,170.2655982656904
101.93981437222855,155.63290865179897,114.16069664515602,172.39810070875248
103.91798536493641,156.23862286575735,115.23867849387362,173.79645538008344
101.94345149253267,157.97242608818368,114.0335191772496,175.8738325000836
100.64498784564236,157.08655810370337,115.7478135824566,174.36137735879146
100.78957813647567,155.25997745252513,118.02941402361179,174.37443340104642
100.38405296630187,156.54363052374373,118.32578565626734,171.38796141340703
98.89290715940729,157.37228184106814,116.18144715941547,171.44926494040843
100.67343756697844,160.3571245219073,114.65237063884825,174.02147038572224
101.23628489487974,157.15003688833184,114.16430911233857,173.34185753461733
100.42013193582022,158.513564583278,115.70134790850106,171.6702360409437
102.33035847486363,156.46473500818982,114.49194697870749,171.1159002045605
100.3969535915376,154.05976676416043,115.40455331172495,167.94638570843705
100.04773007651453,155.75759840470266,114.96734106790085,170.20623723500321
99.32050666530763,156.84408763454024,116.5952807349994,171.0756938172863
97.80984024468486,158.93924914213162,117.71921611368677,168.74126057321763
97.33332378178135,157.37134874858535,119.35324091836084,170.28160396109334
98.04621897079689,155.08246369824235,120.47197597885288,169.07631793603773
96.52964293287536,152.50940537989092,118.74120294062446,171.29798023448518
97.79602036677245,149.83504560358108,119.37575237966463,169.24044633284507
96.9513312451302,151.93165906316955,118.03048771232658,172.12346866775928
96.20427408925029,152.8106082714849,119.306660587326,173.27809221712937
97.10732996302215,150.56037293031176,119.65503936688847,170.2131747084476
95.83337411758524,149.83867464474096,120.46787379126808,172.80330354652688
94.47261289312333,152.142356921567,120.22060701917049,172.17222561664758
94.18351492471486,153.48013879523876,122.44290003637289,169.37825213568195
95.66633937312301,154.6268685750282,124.3910686126338,171.89531892060998
95.34659011001385,154.99812719777776,125.43650965131624,172.45425038920436
95.81739029742259,152.82798675042682,127.11230330597647,171.3322931606735
94.5395224767799,154.31849273500436,129.0678071438366,169.22344197070942
95.98974482022962,156.74185521228588,130.18729630381182,171.0569024379116
94.86300970149294,155.89198783744965,132.60219931046015,173.10368808755123
96.00425472478233,154.0051603146518,132.65110743199102,171.22695322137562
95.90525675203054,156.1195157310966,132.52497046482432,169.08243775553552
97.702347267547,153.76392899474877,130.6026395600033,172.33588916359597
97.48822786860015,152.2483349436191,131.97552906089714,170.19585108682628
99.42908521120184,150.62045884175504,130.57687561799608,167.92445155403325
99.28947631033799,148.69441062430653,131.62574295784842,166.9955862543589
99.04827890987609,151.07405275922346,133.6674568699142,168.03308409522955
99.19741438026611,151.1901472714955,133.7280879571529,166.15912147210062
99.36411882506698,153.18007805159695,133.2138209584936,167.209076391373
99.26183837720761,151.3868406610988,135.46824968198808,168.99082472902566
99.72781167416383,152.62216426813953,135.102022007443,169.93917408985948
98.73374491822163,149.79639919068188,133.00284293495199,166.6474998525429
98.36935284301374,147.15968490223435,131.55067048113702,163.82885035728881
97.61982579163002,147.54039685108555,129.49806848948626,163.95247600241515
99.52860883847745,146.41764012103422,130.4825128296669,161.24039741739458
98.68489092750679,148.43542894998868,128.41186274894488,159.17838646696165
99.99371669468972,151.15470286949477,127.6116264295829,160.1367903373449
99.59996067672876,150.32032354381133,129.56929810622086,157.35083520625457
101.17727264266733,150.08549751749393,131.8173285538591,159.80881609285458
100.7985686304658,147.15215637078074,130.7312400628074,161.0019411304998
100.37518894380246,145.66320873736936,129.19645946474446,158.29775675122892
99.32576057979765,145.86964204795547,127.35871813707193,157.0682529259893
98.70105672157312,147.5529089342454,127.6049536794739,158.88223274203625
98.40262854217839,144.73709884636858,125.66706776688423,158.30045163885652
99.08891374982329,143.34003330472322,124.66756543625459,157.0233195124825
97.68563256729527,142.24819612981258,126.00682727120274,155.02360553237983
99.30643196164556,144.20810747304486,124.5848711239588,156.89671105747885
98.31848558782679,145.2621654562004,124.62981685610627,156.85012207752317
97.41915960982789,143.70034200545624,124.50678850305283,155.79991790507637
96.90212990219798,142.40373425207278,126.59772082232695,157.74729439724393
96.44316999982398,142.92152243682338,126.56314331551883,155.17651859931706
94.68435596420834,143.15373656780218,125.9444718166334,158.11688068944488
95.76379471964607,141.73229838747847,124.28578794020417,157.24849917159108
97.20311551709935,139.9452998934216,124.76570477900879,158.1801586872219
96.80576733971684,139.06824595199384,124.38193135394297,158.68449493635592
98.12138702715879,141.68768656947137,126.80393942918332,157.39867812652912
97.38799216928548,141.59098567924246,126.03204210222636,159.9789128184815
97.14284473161449,139.7342816363547,128.38194121763152,160.14505435371626
98.17371829903774,140.61239659349104,129.90766284812787,163.026392796286
100.05164364616344,142.50848156460523,131.22712836474975,165.66413279205972
101.54264436884097,144.85215054506043,133.31812258974773,163.6651986698923
100.05529476171877,145.2604843674497,135.5739916454652,165.12329583182867
99.44540938499482,144.87258116675173,134.8610381435612,162.88466745689544
100.9574442203772,142.90429834215328,136.72005526214411,162.7427782187745
102.48103553692076,142.735680893781,136.4879880265965,160.8296530897943
103.73560185289597,140.02702234106724,138.74334659623602,159.9667515395395
105.55285722091963,137.50880043719607,136.79737641278737,159.30937548046919
103.86275608722318,137.63959714141987,134.17955684382812,157.4151907568918
105.53046129762966,136.11741536952002,134.08614568664942,156.83003031894043
104.29843805864346,137.5717724387693,133.11009882738824,154.73931620180358
105.30218663844379,139.0946064173411,131.06306601686885,155.39724885679405
105.44540974438867,138.3352116067289,129.4142296611913,153.97710909704026
106.83841501037088,137.35565703649667,131.12045787631536,154.44738595129007
106.20276319241205,136.68163825379048,129.82006239612554,154.39032344216997
107.54137042797115,134.92412582783683,131.1306205904695,152.46280571829882
106.31308783199218,132.78357718185745,129.3018603186435,149.82148895729532
105.06109958970094,131.9084461682192,127.45014399802224,152.1673498438812
106.13271715007569,130.3618077922328,127.50687978353912,154.38419008243866
106.62340696204018,127.85103704557235,129.76051435516922,155.7811985092279
108.172008962283,128.011736175073,132.17956430782164,155.94654238480882
106.64723927237767,126.78723210226205,132.37764664170822,156.62093363531815
105.31679078478761,125.66141897269121,131.92102495451283,154.60273053523596
104.41872301435389,125.92119051705757,132.50720602185206,157.65178173290965
103.17451288847066,125.9039782870059,131.53140963325131,154.64766179884262
104.02320543288951,125.23725839200394,133.93505960158808,155.9280294139014
101.96001497409704,124.36046558189452,136.2820716644385,155.74223072662917
100.04540669693205,123.18331828705459,137.95747475998525,153.86094736875245
100.75992198297709,121.17202638537003,135.72272463411122,156.29543368395002
102.00665983836541,118.76808227013117,136.4252054826878,156.33244044445465
104.04235319950303,119.71681484394898,135.79169904567408,153.9773189644371
104.20628952611713,118.48770858407794,133.63200551093146,151.38881496243823
102.98794097101934,119.95054211156292,132.6561298056488,149.21743091883138
102.11633332898414,118.73812947693486,131.54449413805105,146.93655129206493
102.31386778207796,118.91737432800655,129.87612720727364,145.6261394824996
103.24531501744761,120.35121067376915,128.3834953252127,148.21869930193174
101.94352779495146,122.46600650492307,128.09177803835587,147.35331708046107
102.3218306008695,121.24235400273119,128.27795489221938,149.10647112757044
100.40691174613919,119.67895775852453,129.53110084421107,148.44382219836112
100.00395001230444,117.33484007896733,128.35380546032286,149.22257061186423
99.53172007876299,117.24826181496344,126.65145754886993,150.3038802403635
97.59362506783246,117.03622522904675,128.75103783630433,153.1362077451586
97.90685908659523,118.52163768783434,129.2997775154718,153.60247542610233
98.04701734857724,117.72067567573693,131.08448085846248,154.51674218332278
99.70042188185548,117.45794201371388,133.3077104504231,153.3494123182706
100.18416429388057,115.74734828449886,131.6906128070844,151.8940670051575
99.65722171884232,117.10354568475891,129.76394767915883,150.84583607429238
98.92890847656517,116.68342120021613,132.30006955905884,148.5585399270454
96.97935766658708,114.36906138452538,132.88575328082348,148.13457795965638
97.10208316806167,112.8879703788086,131.9333171813807,147.45547550973149
95.30111078447175,111.69575809124161,133.86714404272067,149.61316787786794
95.80593134942812,110.82728169094233,133.0502147477718,149.6918919380297
96.35045719980761,111.8649685382942,132.6580240363597,147.79492271775732
98.08877776426962,112.44116654441198,133.01184017179943,148.00324582588942
99.48219921621107,112.74946708570216,131.24018343322027,147.98050393263375
100.21919593522983,114.06741690887289,132.429057676709,147.0361237374101
100.31693754526667,111.849468501977,132.84213485004514,145.748738577346
101.78133716055804,112.0323006841178,132.49333080384082,144.21045174217784
102.05382111748743,113.517965550451,131.1915671295076,146.36244631017553
103.65492849954992,111.88004374384747,131.41612725236658,143.86576744841096
104.1394383770229,114.11023564987255,131.5784082617209,141.66904916999752
103.73998137858942,114.26697042294023,130.42019246627675,142.5157994091066
102.75951866067506,115.1894450499526,131.6293377517567,142.38562594762803
101.91489576837607,114.1554003993862,131.00335229322252,141.3590892302191
102.11723712368556,112.47088508844803,133.5669098029886,141.0653877955493
103.65625332600312,112.57155052217479,133.0036618517122,138.2765812425022
104.05455066591158,112.72448613119138,132.97957053919265,136.58744863349236
104.6194953936428,112.05396723179264,131.03247428329323,137.6071196454424
104.44972118893702,111.85812155504635,130.86244452830047,138.59579117141246
103.0658847241088,110.85217575012062,130.3285833963227,136.7885554511448
104.30504396744189,108.9109516650205,129.78312212515593,134.18178994932316
103.0580658237164,111.00488430610338,131.86122836271582,132.8072077281771
101.31699055164496,109.49304152390154,131.29833285564686,134.252349104334
100.47800915906156,108.96250610306973,129.8630558528224,135.891435837307
100.06588076401974,107.74549586025196,131.58120748076055,137.60117638165332
100.46894939576474,109.84022314580993,133.86342606964527,138.48042807828963
102.04294091689815,109.62861102066407,133.4550799239095,137.3749621512786
103.81156440511177,108.90091579335763,135.78762094572022,137.72686761542653
102.17809256613155,109.16730784527785,137.86363490411424,137.43064923385265
101.17262244656357,110.9511727328867,138.72678546999018,134.97806600540997
99.2036072971834,109.89643959837953,136.3674702253834,134.02325386147808
97.55532314828052,111.7515241748502,137.92694545298258,135.40290247295238
95.68306647261632,110.50882430016603,140.18129621588616,137.77706283878257
93.85690976631764,109.94430456298569,140.06391605942287,139.85482035188468
93.03676215530317,109.06793225732,139.06330456261642,138.5993103922775
92.37032317096866,110.83716205200761,138.81684955083233,140.49024143562164
91.23148662766867,112.96547527062943,136.72561792657112,142.7125893697962
92.36492018695647,114.35437597139189,139.3541672759153,140.17607886285006
92.71069191980247,114.72404423633205,141.56435977924374,138.84189765932666
93.95379866526872,115.47975890950244,144.3166415596519,137.03022149355706
93.0461590821189,114.41946346726002,143.8859952297341,136.13690073898397
94.34900796716029,116.68272766581664,143.59791627535824,133.85121721356836
94.03503545076678,118.69518841023515,142.9881038669345,132.31475564719193
94.74111669061571,118.88911865085291,143.8900828423962,133.48972270468147
94.72614076643639,120.77979512742607,145.13248805859718,134.73027428399587
95.5247417006625,122.92062823502488,142.25869014491235,137.1199015943313
94.91425421111099,121.72834756729304,139.57821052624396,136.40383946781762
95.94437191110416,120.6917729192064,138.99618507945286,139.05239288161582
94.63187819451869,120.57035799656418,136.9108014026806,141.48674046960656
94.4823095748973,120.09891949785752,137.60716876348158,139.21043422933934
95.69254605317482,119.6268897199482,136.14378758720304,136.64260695550072
94.01285296435171,118.45132437455227,138.37637734197992,139.11476427513443
94.68906124965906,119.47869769420191,137.70891570296004,136.93009971340948
93.16297756368313,121.57014040224655,137.81625627909915,134.23567478796284
94.73760857319449,121.19825380399423,137.31098871911087,135.52240017203266
94.1440625793157,120.1646118437571,134.90587528841812,137.67490725398025
92.78502811873165,120.15184347834051,135.77398485100156,137.27095697671177
92.21011021424975,120.89063816170625,133.54895694773305,135.00694281127423
92.6172945768878,121.12924422697878,133.98238451882565,136.0352945636966
92.13757124440733,120.13019296148603,135.49656830068034,136.16913299480274
93.65407973248239,120.14232770166726,136.2322040232687,135.74565816410822
92.6243068448185,118.75639435137924,135.03192723478455,135.01078457216812
93.1124242390107,116.82083757159045,137.21086209449925,133.38833252915293
91.72957870207456,115.66145281934209,138.61134730065186,132.99403016555405
90.33992282817951,114.81651296046218,141.3350743305352,134.8332752754773
91.41388274721146,114.16596675044205,139.34720835325115,135.13408891696983
91.44674878449321,114.27896825459649,140.41559445483293,132.70105549921325
89.7031472011027,115.54500445586575,139.06481912918306,134.7801529097996
90.04686093201686,114.04511992825775,140.90905219990893,132.1335015799732
89.44075519362809,112.36232051827142,143.5702876636603,130.43002450409492
88.91248626476133,113.08056592535905,144.99937888540163,132.42431498829234
87.60254601619008,112.19300758004727,145.17525902629973,130.7139602096643
86.59002250234262,113.27413780482414,145.1195203421871,132.340300681426
86.20603630321702,112.59382286044071,143.14012463497727,131.7454369719544
85.53102646293824,111.11723041116566,144.18276726744884,132.4495974983702
85.88362736245104,109.7592870910333,146.49068683273362,130.95977391692637
86.72028183146887,109.11422457871502,143.66639318612872,132.6202830962923
86.69948680547807,111.03516197353052,146.42310734633753,134.92619923529952
85.08590794626495,112.0788887204109,146.12794565916937,132.37428049742965
84.87368940180701,110.76037927407044,144.90318425044964,133.99387142798395
84.2800923446943,110.20539815490999,142.46342979816146,133.59583897142758
82.97164402831542,110.00030632442937,141.0346919280013,132.9207776677881
81.97127818850726,111.34131646838068,142.69753396064115,132.0341802095418
82.72934245744314,109.83209605713903,144.98026460384415,132.94085857329566
82.35801650891017,111.91956075147765,143.5317033987213,130.95798765460273
81.1838999809848,112.96133949410975,142.22069278157926,130.60832362121772
82.72014815301785,113.7133656593237,140.37001405435302,128.81053454530652
84.04653558733172,112.3131004075816,141.3691403842573,131.2514845392349
83.87083621129888,114.16475218687553,139.1628905572647,132.0315804394604
83.10928356703879,114.44543915978677,136.871172490602,133.8323001482385
81.5905382537748,115.78215385341677,134.8836486804454,131.32249864733558
81.5138468833489,115.63402948860235,133.71342225876637,133.16959968618272
80.08652869341499,116.26451675210892,134.17152090745788,134.08694016151668
81.11689501326921,118.48348765924591,136.0871978462538,134.41483423012892
79.77563505595222,118.66864769989054,134.9604634711399,132.59880031253954
80.31716304149546,117.87030977872105,134.50515075528864,131.4680753335612
80.94887655058587,119.71745492186824,135.66200566492248,130.45157564089388
82.16168659694583,118.40050468664244,135.86012090183675,131.8589089419537
80.66574889347616,119.49754290531081,133.6714854755891,132.810988343517
80.74848793768557,118.12098199194007,131.49693499205878,135.16616299923624
80.76847320790286,120.18814284001121,130.23261421888355,137.55151673717953
81.80197965955962,121.20215859779803,129.2328208985685,139.46016120916815
82.93146657901814,120.6588938472942,128.06731952879997,140.6168973995706
83.95066591174904,121.5744220131308,130.61460697548065,141.52024902880748
83.64727530810697,121.54354384709045,131.59289170709778,143.72118628345677
82.26862745182655,122.54605032086702,129.7054499158642,141.95554519814837
83.09709615637696,124.99648619802372,128.12568706891415,144.18712741681628
81.63769383293919,123.63531082920308,125.90538664835069,145.4988674333994
82.11224553769333,125.1664682826857,124.15903945290607,146.003509976146
80.96650950874148,124.73327899470866,124.73474483841575,145.03376138894723
81.95831728798947,124.37558379762059,123.9666998461285,142.8870306900725
81.25334604658606,125.02947089566112,124.2954470179182,145.33946019175832
82.6586045558058,124.48064113662707,124.7262296606243,145.3480075662258
81.95573429534002,124.56603371857686,125.13744608382694,146.19399835288718
82.12111953088498,124.14287326683518,122.98296148834527,144.96001879876778
81.1941663736562,124.81903793271013,123.1990016504917,145.00970902569114
80.79972919774644,125.40655132115069,122.52548531492324,144.38871932305662
80.5312963630394,126.22490216132898,123.32715599322056,144.05816385897276
79.57518767508618,125.49420949755796,124.76956817838095,144.50157429619046
80.30589482978145,127.31466852224773,127.03723911741632,147.28224174787087
79.40677924618113,129.82162772006154,128.993895224479,145.49856489039547
78.77964929451808,128.34492896129382,128.31266429175622,147.81643138638623
78.48993023193727,126.56348060796917,129.32708427825864,149.51118293501736
79.81658452549095,126.96965495699831,126.91875488800002,148.36741514060395
78.5805573656352,128.40195753822502,125.58410420424015,150.35432826569777
79.35450396081151,127.09497749789287,127.23835721638041,151.29175853528253
80.24528068136021,128.59244770631145,127.05202756632663,149.64383929275684
81.70556223395512,129.56264858635234,127.17564347895157,147.0036509127499
80.69961079408202,130.5611685153538,129.55247446634428,149.33888226179528
81.3656436128289,128.1748422106897,127.984211673712,148.65082927141813
81.46269490486402,126.09015467477717,125.78357332267474,147.56589883236018
79.99513606950666,125.98011470257595,125.32593853835212,145.7492820633269
78.80998993647023,124.88270868185482,124.39343907899168,146.7881868409086
78.12078486409216,126.73422192967888,122.2071548658578,148.7086181358904
78.58078389735297,124.47799066980822,124.0508250641868,147.69082560818242
78.37991414716866,123.32642230311171,122.74608204550606,150.3867247780243
79.47906892468677,125.76258481970623,120.92344428835958,151.6642384221669
79.35244487245606,125.17467079521447,120.00463090862156,151.04251296835247
80.12897127809218,123.37851660846427,119.48008485250435,150.02762006532748
79.51387887838052,123.04027456576675,119.25414484577786,148.954172229004
79.13361003026051,123.32886672354364,117.18915150964627,146.6863168095665
80.69539209217716,122.66483876576802,119.35350259652046,144.0336886385305
79.16969366292845,121.61075872048225,119.77227310219487,142.20408525469506
79.01073415204476,120.57944517216306,121.55915131311484,141.06564376419763
79.75734084042188,122.60603291199439,120.04291222700466,143.50296911740713
79.22433054310424,123.22627826360532,118.10191895791358,144.83717427571776
78.10673748550613,124.55506694911635,116.47461706094003,146.69442636246444
79.20184357802633,125.18307009553044,117.80296956463005,144.3129974095675
79.54031921140994,122.98009697152659,116.41031235627563,142.36920987961898
78.5856001441248,121.09428523187671,114.71986467094717,144.70749604280567
77.37295695982023,122.94410597854785,114.68672131661093,146.20306887472407
75.8609528914404,124.36288627833328,116.9188237810137,146.94348788588363
74.65549828622578,125.60381060464101,115.13388763024246,148.9645383551348
73.46056896429046,127.26361340651384,116.64667504901061,150.78620430662403
72.16638122801643,126.66720236780247,118.47549639155541,153.15709712832972
72.76157089090854,126.72101598874521,116.30380694999984,155.18439328436932
71.381398484377,126.26065811239647,118.52623605995096,155.70097903515077
70.99038269452011,124.99991117767492,116.93453374253733,153.8487230380379
72.05531111757422,124.47672468059099,115.38780132695608,154.61569326576537
71.00968352693661,124.50899110166897,117.19262367339518,156.1678218058294
70.81387909028484,126.70998994401018,118.92126880226994,154.73406555170098
70.43310522142005,126.37585095757925,120.32876623837504,156.83448300548332
69.33621518121086,128.10600424622683,120.12577062817203,154.53284196039237
69.38668272523336,129.01979735045487,119.60258821794818,154.0063440332826
69.44073587948523,128.96544034819,119.9912585912448,155.33978859282368
70.69051337943444,130.297824192674,121.89847410444771,154.19822440835645
69.73970825569104,130.47168362676808,119.89362041147274,152.16135506429748
68.52004401444026,130.32585332959496,121.19274140832817,153.86569905489816
68.24561999625463,132.3830147379222,123.54908729492797,152.49187431676802
68.05734907375367,132.97116598762275,121.71320121982116,153.82377075155176
68.92212424698613,132.5232754749255,122.57409063658547,156.82156957955044
69.18368694281484,131.62238603247152,124.31658392794591,158.13954205979158
70.45498250166018,131.76277689215178,124.41448259077882,156.43809688918597
69.83575985745645,129.374358380377,125.26729605000644,156.63460011478773
69.51942164620753,131.81599876235884,127.08472072332988,156.25374535133992
70.25807891423953,130.3069262062886,126.9481187477217,153.96772763382288
70.75139682747586,129.10609616859603,128.1316710340326,156.16643294371315
70.55046056024008,131.68195783403442,128.71415939786993,157.85431909806465
69.53087565662406,129.1967082839848,130.65139704571277,157.47328001995513
68.84884822511708,128.10363109660943,128.9423410027731,156.66041943180315
69.42283527059345,126.09083265061557,130.41910121349392,153.68830957044003
70.49257100280181,128.32903925719086,132.41432804678166,156.33830404472565
71.38458490144463,129.47788508138,130.64469235266895,155.79335306605643
70.92976222626125,131.69370855115827,129.03621106690494,153.23969225266174
71.33484457411573,131.15888686050758,127.9809126752665,154.27666009337074
72.57874332152417,133.4853949302881,127.78345800509383,156.52472254008396
71.40567810136325,130.81916964350805,127.56886779123165,154.1147171039784
70.87385273603151,130.42364123890943,126.69474360995613,155.75887975969314
72.01450882709526,128.203709241351,125.17138296738887,156.74010729860413
70.95260554976255,129.13628008738002,125.71185315867298,155.4669504569588
70.17268922000899,129.318786944385,128.15985517472416,155.34211960891807
69.37269379728782,127.96270197891388,127.96184190441224,157.6053441662916
68.47474913733835,126.61366289200848,127.14735256908642,155.10462174825267
68.70697158149478,125.84359341993833,128.0122617442346,152.24437352097652
69.4368989397008,128.3415544052209,128.09526454463324,154.46376256851704
70.02818720732698,130.81904383264512,127.10434736349573,155.33101959020186
69.7439523990136,132.9781871651121,129.35748367216146,154.98611098987308
68.34954523477192,131.8598300467673,131.38509919795558,153.38142730479294
68.82874215632162,131.5389358329555,133.08246962871524,154.07532498992788
69.34866477147267,132.58810946339455,133.77092117100338,155.92028680733495
70.18979894832692,132.36189885595485,131.619452686769,157.97172308394528
69.78153774609498,131.54406686981625,131.27522480531218,156.04619124802406
71.01517056528569,133.4636912602052,132.1915269099308,154.2831599440028
71.8237018699573,136.02007598571586,134.28394168327608,152.38953854170492
71.15437071618155,134.62734220706622,135.58546030438416,152.25264244591165
70.76443349672316,135.39845343482716,136.0166707660397,149.93312939673945
69.66174732666474,135.39459859591747,133.71898085800348,148.73456244572333
68.9157858603288,135.8873293496321,136.22550388339127,147.14678450949074
69.23136978473731,136.4197448837434,134.12830873254376,147.95310230298662
70.18777864454259,135.6211924177478,131.7430345169339,150.75235546882195
70.43916341810977,133.2075645478769,133.70835854169152,153.48324452960114
71.84510361560106,134.59863589957504,131.25675750691278,153.46923500391426
71.85359903401277,136.86201251095068,131.08770395069138,155.86998293976043
70.50332662412545,135.45660008847022,130.2935825761706,155.33360138601918
71.34231477446549,136.16714645796748,131.1404160943398,153.68857742797698
70.69421213176103,137.14783567505336,132.92466434554262,151.62979775976132
69.3247114808745,138.50728214486983,133.55460077032888,150.39235535581076
70.64511432252743,138.3861553254478,130.88561351458185,152.99882117145796
71.07065370136331,137.27359505289846,128.51684991210965,150.16999535053554
72.17908980045058,135.23051337242254,128.9287760798532,151.1901891136697
70.97493947375658,136.69259938702595,130.0074547322449,148.9895123166625
72.2553687824782,139.31024243563962,131.61179150233374,148.71055568656809
73.02829300548106,137.31382116481532,130.72904541936623,151.0622530539205
72.98891032359046,135.87762076977887,128.99844802214702,150.33913153033575
73.44570814735283,134.0097416015464,129.77215146857628,148.57129446697294
72.28100703059896,132.26028653333066,128.73255348971077,147.85850571982817
71.03217744721032,134.16469680386786,131.08069465070386,146.92876412061753
70.112250931798,136.71732698938683,131.60416015111892,145.93119589401584
70.91332188468677,134.17062608037077,133.84256178858752,146.5376881124914
72.15214083451619,136.79915907399948,133.23426037801335,143.81507528957337
73.35726552375377,134.9990562877404,131.44020171475472,143.10839267244745
73.1115498473887,135.55671457273374,129.11899108212634,145.2339588179208
72.39117997340696,138.1190540765269,128.4853110403678,147.6064653807311
71.53713622602572,138.12276169281728,128.85529113898107,148.68923804309063
71.18755473212275,140.1469480675328,126.28652589631308,145.95757888635848
72.0286724135271,141.82579615484798,124.90158488083746,145.03672290729062
72.6229386942262,141.27118787653308,126.70491074267912,146.39364215601034
72.18074551766254,143.9604287556124,126.33935275761796,145.2413124421504
70.85449808680038,145.75874389713226,124.91994643026479,146.26429036727993
70.95816914860772,143.18583937507594,127.02338592363336,147.5485797724164
71.3548303358409,143.32750679258467,129.11973958775945,149.77808868157763
72.33913012995583,140.90785543512996,130.33675784421305,148.36725058368555
72.69529795753012,139.09540297582436,127.93595989529825,149.63980709873434
73.48036199461231,138.20385547303806,129.59704335574673,149.06775519781814
73.37769823443669,136.3167991594672,129.15763971213931,148.02941073107198
73.13160446530111,135.0794828694931,126.78277254931709,146.0621169377443
71.83617913630299,136.29203122444483,128.4938245819846,148.95733419294478
72.72823075229718,135.74018271788654,129.18481449441785,147.96323440555466
73.909210607255,134.68820870274737,131.277900423985,148.69262466813083
74.83614522008594,132.4454004532151,132.67857808027426,145.86013225790862
76.00998699798885,133.39021745648418,130.3920467201715,143.4359985995048
74.81654608244214,134.5072265894373,131.679267093638,143.2215482242727
74.04922749784167,136.7509643773967,134.01570530275646,142.90684734308005
74.82014076887242,134.7197763837067,133.18730496907497,141.9673896700945
74.57245797874675,136.88759646375803,134.44635930659305,143.29518605832303
73.60730643597809,137.71982341683193,135.2312806902957,141.69250628103026
74.57595119168876,139.44896499200297,134.49587889949456,140.97916297145352
74.01858838729608,140.95600295388687,136.52896400810423,140.41183421518875
73.6200107613578,142.19051062770865,134.86587858627018,140.17943851316124
74.23545199521023,140.76217564613538,134.21819413035453,139.5601636517303
74.35203430518318,141.18528016059952,135.44392928058275,137.55067086057537
72.90557866356839,143.43068233100803,136.81186310785978,136.48437447053277
71.57989450471533,141.43377503444304,138.63830760752197,139.1820998520185
70.59372837858658,144.09943737088676,135.9303687784632,136.93692182615754
69.20274987634888,144.15312931711307,136.11156086958889,138.7129364692524
68.93370455319861,145.02989750766517,137.14729025136072,139.53834866196874
69.71800766141092,147.31496601106141,137.93994421008756,141.90301114937628
69.9795770956921,146.5434045687519,137.45303258831697,144.4693046922549
70.65473158748529,147.7902239493117,137.45549612940303,146.85616344011126
69.72955459229536,149.78531786806636,139.69091271151277,145.4535216965356
70.78236781048763,150.82957194173264,137.98342380338252,145.8027950502129
70.1493947892739,153.78008318791913,140.41815403092477,144.0037285928924
69.14683017171153,155.26771008716418,138.58222792030423,142.32341783500246
69.79021729896229,152.60069692898267,137.67878891094767,144.45946450958425
71.11685093983162,152.5782575437806,136.6437617064345,144.1364100119632
71.4252585713152,150.35012768775303,135.4661348529207,142.42554578660776
71.66858120250932,152.0003097210559,137.3606473305394,145.2466770372081
72.31652946419489,153.66031917156442,139.23641751635964,147.06159864190434
71.16950380329529,152.64194945202544,141.2290111517826,147.1979079877033
72.33661241427836,152.6525894441858,139.92074035004566,144.80922177687563
71.33315930208481,149.64197069575158,138.79563968766834,146.54223871677155
71.54917217089519,149.32483962411644,138.07597480848816,145.3464796681577
71.52240161174531,148.27113966609076,140.1237694149647,146.8787663794429
70.90770026427677,147.45504273545868,140.01623439616571,148.79189017616767
69.89308843543152,146.70851676851152,142.38259490744548,146.52849012785873
70.97526071017316,144.7744548849999,143.4368780166744,147.1931115098985
69.98205038113637,145.1601420506175,142.58497172090384,146.09963453488024
69.99586837491631,145.85289831777968,144.56601803364515,144.72047140078686
69.29484097769979,143.57253747283542,145.71882716675867,144.96441936170146
69.74237486984363,143.31411436294894,144.1194589527781,143.36737414645995
69.57104028085647,142.63078369461826,142.3027694428829,143.2354366900994
69.12893483404567,145.21547065497063,145.03113092805364,140.37679166191685
68.00454332892672,146.63156651132297,145.5450481256497,138.57838308789462
69.28184942708342,145.8367379754365,143.3770255340355,137.08139489102416
68.80352430436653,146.83848723615625,140.6392847595517,137.5605790535479
69.17384697635597,149.70156755688504,139.2585020452299,137.29373797748696
69.16498904188875,150.21250755397529,141.3478597872898,139.76771850174836
68.56793543510338,148.076267507816,139.49955448561113,141.51914427332838
68.0460567040469,149.08447037644544,141.03120202060583,139.88606462929354
67.8285940200079,148.1863742608065,142.50856103128922,138.4378524013024
68.13931533040906,146.8783076268587,140.19220032155366,138.73140483705959
69.11135064709251,145.26449590631952,141.97154047991248,140.91101222149098
69.28213317298143,143.2098848655896,139.21617172005503,138.74325949471037
70.18024886081224,145.99423209017334,138.73692932851904,139.7397366554987
70.81769775772604,144.3956117649059,136.20988989961032,140.69536117512988
70.95753191030353,141.54832070335766,135.18011691060198,143.27134443171232
70.46118565202966,140.37999780602246,133.69426726598053,142.58863748550976
71.26939506046202,139.8638805490045,131.11904979259415,143.1768853933693
71.14839130108561,141.00526085967184,133.2012849688497,143.25315713098425
71.86335394606503,140.87821320919832,133.35032331247783,143.39638676596658
71.44354958851622,141.0959095020368,133.14973776020622,142.41866678153843
71.80716828425776,141.44346202289967,130.5734592762535,140.16356380076638
71.4415541067218,141.6947805831522,129.24003824747325,140.48149644284018
71.1450478779712,141.09605446021075,129.36718782968202,140.89459765613907
72.05644275560013,140.39969604526723,130.31830475937056,143.6839698264431
71.55258200056639,140.26918211467319,127.8872661154618,141.9040239681627
71.8239264575583,140.45213942940367,127.0695225645791,143.0731980327861
71.32758532291099,137.80880294084386,127.83302846738673,144.626334342543
71.67149682649503,137.08578800855253,127.15814858357614,143.82185505187078
70.94113889380175,139.79439005352296,129.06471801422703,144.07777494246304
71.72888788007239,140.4640085548357,127.86067605946496,145.39818455140403
72.64143740476557,139.9717325037134,127.93867361929023,145.93288577924665
72.37401442168971,141.34714577598197,130.28332299179746,145.0802625102705
72.84187233498986,140.35326977851096,130.13259962063836,143.17301617240682
71.5359075088866,138.9592867178227,130.39556038159108,145.49873037749992
70.90655961248305,139.55057404643165,132.3397316566913,147.21665379183398
70.1645017161692,139.10736845277918,134.60530417307046,148.0449121906213
70.7942962903696,140.93696567594003,132.84934815782404,145.6290811025601
69.96059877406604,138.51014894268957,133.03406800774644,145.6468594455105
70.26690734504383,136.4558571413691,135.28461133710493,144.82375341887484
68.8826961603916,136.9495355498692,137.47386684270396,145.0877567267081
68.59133197324635,137.864087290814,138.12556049241383,147.6093435715485
69.54354020751602,135.21373817416182,137.8678350409165,148.70031816371852
70.6601286081281,133.65530833241465,140.32050223670413,148.88552401113182
70.48797274159539,136.01130198926506,140.84290308829617,150.8717930741067
71.89367895672369,137.38384137527143,140.71597853426937,150.80186941902895
72.89908803217283,134.84826271531387,138.98143762822818,149.83980041315925
71.57237855635839,132.19201157707587,141.68330071316907,148.47962424592782
71.1423477039724,130.22965901040047,140.61680307147196,148.1385535554285
71.52196050758181,127.75339918584741,140.6786498291663,147.69045903900232
70.72145506658262,130.10705485763714,140.52977554722256,145.4504388295366
70.90765137348076,128.98849549539997,142.5922230420741,144.65853108323887
70.70561010697092,129.211973581065,142.0119380744632,144.32128746766534
70.62758205204288,130.48302078734272,144.5830839778072,141.8686919141815
71.506307943888,130.81181695275316,142.42858685765628,141.23217966963654
70.49646541730188,131.22423721987195,145.21434370336718,141.84495043124622
69.1590161604355,131.1926072796018,146.44217950105,139.1396685233223
69.04029042793056,130.07586291929516,147.22317447576393,136.79220352843757
68.6557822315607,129.18173432901506,148.45192024308665,137.99441924632788
67.67655911400813,131.00891602015398,150.55186393435022,137.00922534272578
66.97801470204095,129.2353961252478,148.29343862090712,138.97522056248522
67.73316958515353,129.80079350519438,148.116250369679,136.63645131820593
66.71727466497708,130.42804455405047,148.34130933961328,138.61190625816303
66.15471927397525,128.1004042056746,150.24292892816274,138.02197430989222
67.45684922860951,128.35580402603432,148.93259463469332,139.01306675798327
66.53893896628432,128.897410119373,147.40179933589988,138.65282130099575
67.10666360834652,130.87979696639763,146.19551318825185,138.10093068526714
66.63746068785188,130.0762130806303,145.59481497158163,140.14472486286556
67.09086964224187,127.63253482633766,143.50415990465265,139.62940194097865
67.08953162255484,126.86997656857778,140.723801374955,140.2114746261962
67.543591776735,124.61590040649479,138.4402541071988,139.02061591866578
66.27485811620001,122.41343456077094,137.98365806041411,137.125731726315
65.46662636634129,124.31052557083376,138.94018423808242,139.32268316129247
64.54840367208179,126.17187588129937,138.96355387497167,136.8800476070386
64.36516003784273,125.37279094674393,140.1344930769828,135.6971927867366
64.63555118788767,123.24566387756443,140.29523576938408,137.27478493540636
65.01824209093346,122.10516801023455,139.75186443659416,136.09360294075103
65.96989307939882,121.50081362462396,140.60947031189474,135.14454639870345
65.01937549655158,121.33684649788633,143.3279957356553,134.68117897351078
64.20539293603083,123.2555880786731,142.98369156766367,136.86646708067468
64.37880606829363,123.31006330250477,143.44269346471114,138.35271375054631
63.59152991939581,125.31349148882592,143.56463255225066,137.7840649289529
64.23172638572566,127.62003667133705,141.0449319285313,135.6714125938387
64.62046678498332,129.57127017579555,139.49353557785162,137.38253515176652
64.27055159222115,127.33839923157193,140.27272939575363,136.64809178495267
63.49282519215037,125.72866253262718,141.91027419876502,134.91996800061256
62.52158020766881,127.51475849919257,144.27883943084674,135.07665903433173
62.270353207131706,127.33144844179883,144.79255364275667,136.63548199371925
62.72068141987933,128.91725019032046,142.3458813518914,134.96468114688105
62.23757846373961,131.26567908034707,139.7891711899961,132.45848483836042
62.8243037018129,131.48409038526833,139.0503207085826,132.89494381892223
63.99707628296496,133.54272936155158,136.96751834332568,133.8746346477267
63.828964723693716,132.80431015820136,139.5677106948075,132.77263936607991
63.740873851508546,133.1707821282499,137.24810647020186,131.6667652519503
63.4536398169765,133.98574242921006,139.3917560556747,132.83218075345715
64.31219679687342,135.52067440615022,138.5575146825376,134.72238118611912
65.14041053020289,135.19252814302095,139.29288006264642,132.11397343991473
65.47802537268865,135.90684739657593,139.91934294779892,130.24682564458143
66.68231740491282,136.15995791996752,141.8658296384023,128.75263242506105
66.69486731153266,133.9707805669777,140.99261116728036,128.19651507617053
67.05396758075025,135.48607377759524,140.34520280668048,130.14715362659697
66.55464177590825,136.46406572420645,142.85181367963168,128.2641671451092
66.9124973248495,135.21709778246156,143.10828587275154,130.77974741209223
67.02459014424974,134.9538812128383,142.23255592623894,130.2708665343578
67.58810729886912,135.58271600186882,143.98935031802972,128.85921797068605
66.97759002251817,135.4450158657625,143.2859883144292,131.04709165130842
67.37587185797578,132.8505149369163,141.29404457505825,131.04344287047078
67.033446839539,134.1860508535564,140.31643855594672,131.04779743057233
66.82034499406548,133.787794730593,140.00976004715886,130.26514155337
66.2310747477919,133.9305095685721,141.35994277660978,130.34941669624868
65.5083885164278,132.38254665984385,143.43641246268444,130.60593164559958
64.41448996658299,132.809253181397,142.32839159883173,129.56122189428862
63.57963365649456,134.22783527691098,141.3582396610791,128.94323671835411
63.20237479169455,134.62481380774378,141.90250990037666,128.2031852725666
64.01820656509378,131.94702680031395,142.8273601987966,129.20024249544198
62.95552065612655,134.14407874758618,141.99883224796855,129.18196867402852
62.82543178954492,134.78096077549344,143.13623532571012,127.54419433878566
62.10511849672233,133.38960774464311,144.94653025586052,128.5987703748793
62.0567327225014,134.02875698915744,143.9939076342289,127.28648615566023
62.21242589609532,131.50284819140086,143.19584103817755,126.75784371468555
61.05414481748629,130.63186596945422,140.80393778656628,125.01145190166729
61.01826311984551,129.97851345755257,140.49295792489733,123.08342679015779
61.89070767276935,128.63716333393418,139.2759292258939,120.9227412169796
62.120550156229285,129.03037531629786,140.5366149424682,119.15240238388613
63.26932915215972,126.98380548052657,141.63703879557593,117.73612452280653
63.92393720410227,126.01843831338657,139.55813368162117,117.92169785591466
64.096144172103,127.08355913549201,138.9070676952239,119.25711211255843
63.2087697523842,129.34689284470065,138.3608378205341,117.22160849572808
63.663783362069196,128.82283385875377,136.52242517464398,119.0125704380888
64.70461623263644,128.87434640664247,137.15360301411113,119.70410415020277
65.52523863960322,127.83739740943813,139.78986188434212,120.27964524238767
64.80549685936289,128.0381592274023,140.84018551139886,119.98318941909682
65.82124871031058,128.77125041530232,142.46314486142606,119.91406537071191
65.43797605863644,126.75338586536664,141.1255983175102,121.37456300518328
64.67021294879677,126.45653265382653,142.05126195703315,122.69716868376827
64.41592116591569,124.10616780271414,141.91312107082487,122.94535268858428
63.837625714233106,125.02827415766485,140.6776355634149,121.34270533990505
63.27322821976722,125.61937965612833,141.26274610528435,121.92267406610057
63.58063130166956,125.04379570845356,142.56639953952777,123.74284176029536
64.44903018477623,124.64913679436495,142.62082899577814,122.53700196449097
63.180361422747175,126.96512555429062,140.45062405170125,123.15726159760891
63.08583743029406,127.04355209578026,139.81151394908807,121.74861143643163
62.427307737282916,128.62904859231818,141.2102989059999,120.93229808418374
62.08761059029096,130.4275236998998,138.71699345420822,122.22952243655986
63.00135021922274,130.10939381176354,140.47088715941138,124.61368903434855
64.13128412860549,129.975962274972,139.752230172112,127.02178173575287
63.06266995681792,130.38930163863043,142.1660608945508,128.3817609337893
62.47520286044889,129.99834637192922,144.83114064618695,130.2388025531491
61.74162338084754,129.73735911694408,145.66248275690182,131.48482612708304
61.55699145430234,127.33336446575889,144.5641410129472,133.21565093557123
62.78801742420054,127.70074960615271,146.85455769949107,132.44938751461203
61.98860935804044,128.83747875263222,146.87899768693302,131.63357267096387
61.678228401589756,130.66621122527408,148.84509363212646,133.54795139907156
62.6444334586082,130.82346287570599,146.23012192359474,134.91724135686522
62.90883080452529,131.7457786880617,146.59189577564842,133.97164072640362
64.07741432893573,131.2788647185171,144.0052955082035,133.42070493447903
62.89388904380576,128.65996602109462,146.7324424044221,131.86478679204976
62.17774174000436,126.22278783456319,149.37561299547053,130.71446204018147
61.66662546410405,124.13235838501932,150.53658528902528,132.29506506910107
61.483493175932786,123.04570940619166,152.72904044522105,134.25594942069236
61.095597296460205,124.43708169391442,153.9990185963067,135.1487849840788
61.50283868110434,125.9939002075697,154.51069405932665,136.01062561917362
62.38385528792728,128.06544103037922,152.11005874111686,134.2228198254174
62.47336635723768,128.27352750716042,153.51420297119336,133.01546474704142
62.88419224645469,127.2899707537639,154.91919584102823,131.0014809004936
63.6438163727379,124.9446664986982,157.09166923499396,131.78740042346138
62.913671943545616,126.28201481584958,159.21600539130824,131.0315334628693
61.7955911589113,127.13896597559066,162.30834941842204,128.629748651157
62.657953433990684,125.40688464023737,161.49056865767938,127.69940217008026
61.48897351857577,127.10177226838445,164.41169051873064,128.1736809214601
61.51897691746648,127.04251743560302,166.79352466411248,129.4089893188426
61.06232213564852,126.38221675029469,164.8016200768938,130.91671690169585
61.00008476043707,125.9877806573374,164.52669007818,129.97891462988275
60.82094827546596,125.02703996575605,165.068114504169,130.504163358064
60.64812227036389,123.23776096578489,166.49350925581396,128.0546310849978
60.87767872173272,121.38686687695993,167.10615242454801,126.31596038656684
60.326385958695724,121.10307873953688,169.11561911936153,124.20062268823968
60.05760043889208,122.87020718032124,169.2770671554461,123.82196591370847
59.3019707062986,120.6740333617734,168.40873610993742,123.24641550655822
59.136771322734425,118.48972409076798,171.66930460195812,121.68813209193935
58.766395389118614,120.1030587022769,173.4687542154366,121.89331696955958
59.70630511144393,120.50418242164528,173.91434094613908,123.48246751656008
58.79622229351874,120.60066538535297,175.52185941871232,121.34460142497176
58.8279736813633,121.33759804684685,175.82202118114532,122.20877507332506
58.59670163770382,118.92410327992056,174.15997757122986,120.86510774077611
58.65305305432367,116.91528225269718,177.4560864019023,120.67844559859795
59.293598734354916,118.04548475837422,180.58258985815405,121.98257667658336
58.1797322798926,119.8872871969293,179.38526557150638,121.52540729438134
58.9031775792878,122.15130777843895,177.07085146075482,121.2312694198989
59.31813698057305,124.56623197764424,175.55763380266555,120.48042281606183
59.98017825663432,123.52466688274637,176.74546134408425,121.76089441969144
60.04964223748508,123.77763316071162,177.57075226792202,123.1374746929838
59.751045019961154,121.61242409431895,175.19644060874427,125.43907180266892
58.73539258921871,120.79332117043242,176.1932829925098,126.08268318809003
58.85264358220861,119.3194212704608,176.3384331453447,124.18796448813985
58.88209070676639,119.80522269080937,177.0031759075782,122.75057683524005
58.18115289029987,120.65118553791791,175.4668802709631,121.62376162791794
59.25104909683613,118.8774629524386,175.47021635543626,121.38632018320834
59.524399745196234,121.24647131739243,177.35069713879216,121.90195076075742
60.60442922306922,121.75087752294395,180.66748835405352,122.51246570265485
60.912113924797964,119.3808384898875,177.61653352133044,121.39019276093772
60.36999824123605,121.4660385177864,180.64654292128327,121.21952214237167
61.26264912227454,122.70779193388522,177.62915801053927,122.35638405149743
61.763725128263054,121.20797568771262,176.1996496301262,124.23799651070874
62.666746392804924,119.186072240028,179.23936680130458,124.00508918678976
63.608477991251114,120.94641213665462,182.35517475318179,124.66785834494159
64.70129836732112,121.39184604491285,180.12412906553578,122.2559340512872
63.61049525147,123.5878942610294,180.04458005146026,122.7657674994479
62.823127702967284,124.71931831229799,178.13905782769476,124.97384803961947
61.75912609367786,124.64465260067826,175.31706923614354,123.22222219943322
61.7638378983259,123.22874254214275,172.43900136486664,124.18265359536288
60.66469061102222,124.33665937326137,174.08198836526896,123.31250692105412
60.33090260654807,126.68508132753945,177.54869646953136,123.70826049873239
60.272553658380616,129.05434164618296,178.39952678030195,124.11512353440169
59.32433245063584,126.9933664548588,180.89643075852777,124.57922142597181
59.486820670501395,129.16389315241742,182.64639569130446,125.89754564194331
58.92914145931502,128.89232486548207,181.68867034455107,126.05807477566283
59.424164550953094,126.94788730497613,180.4458043990726,125.80506220884327
59.41175755090494,128.0068656473633,183.79911524572503,125.83630385845385
58.741125120315886,126.01825645057615,182.92301366783272,127.83068226849926
59.47224452467871,125.94337063335868,184.16280666730805,130.16460356454903
59.872394681537614,127.86436574387363,185.28754024449267,128.1911023316185
59.5638066365632,126.56956020292367,187.56051030958753,128.15120921807048
58.834667876103246,126.61530859787294,186.07830742938648,129.4195516211553
58.10822238558297,125.8749715539154,187.05209424858208,130.35661835602124
57.10114840013792,125.9921838951115,187.02423449139923,128.13533497883756
56.772649237371496,125.28730372349634,184.1668021730612,126.45884072234793
55.83093454107264,124.35727478519375,183.1125608190791,128.32591346661093
56.62081836376969,123.72072939945994,184.48280285518237,126.94262383206653
55.998428205440156,121.84670336825329,188.0304688044335,129.4199277029752
54.96356305350659,123.03245116609044,184.95469445410419,131.69012165878644
55.62001558631838,121.8488017880418,186.46381067166948,129.45114792986712
54.562727173543884,124.08578079481013,190.07166948878736,129.10130312502548
53.483860284873565,122.64322313231375,193.60879286992662,129.13913887201738
53.365858903339465,123.7465499104701,192.96769001537206,129.83752990159635
53.56389096778798,125.55902883939429,194.09305897883843,128.843487050806
53.201522422177966,127.52058912601213,197.19546575958364,129.717617765595
52.4764091135691,128.30902360478458,196.50554226410205,128.64899464915345
52.839972568714444,126.97592363240872,199.0222411284903,127.19622353726872
53.608466755554666,128.3499276986329,200.6028155824483,127.50282613196678
54.04491319029013,127.04485216472654,197.8820110131659,127.75063104488717
54.578647464222385,126.63039609921535,199.8689853766914,125.77383024238311
54.20674538309182,129.11443400535933,196.87482975939997,128.22796366128955
53.73889272831376,126.9563188328029,197.70765376986023,130.6833424626398
53.71412318311953,126.20371060064602,196.5287311028996,130.4128699845444
54.60176290156892,128.44405586751665,193.3721112948054,131.91146294786574
54.260372846197626,126.36211584694647,195.7475745134278,131.98797676655812
53.397748333893986,127.32825167437653,192.998133038185,132.00060161485396
54.30471409907571,128.81945533035588,196.49410725033212,129.86198833525833
54.976945024020466,129.5507954218704,193.19629286236724,131.360553767108
55.61174822727465,128.9306591974538,191.13426561114736,130.81879202918716
56.109007204107115,127.56066203570761,190.13689644156298,133.33139680667634
55.039760114144485,127.33991731355643,189.59293607945847,134.82383053811625
54.027279654688485,127.04971391538596,188.82374055838025,135.1385856258065
53.069681608997215,128.80923545863925,190.70971557930565,136.6618331475654
53.49759092594022,129.19865347666578,191.0136547975072,139.05410466958506
53.291274986685444,127.30394578715578,187.33107142121645,137.2544154414083
52.553879450819736,127.93320168543802,189.2051949324655,137.69393023655658
53.43049795395485,127.18963558417421,186.07462160149225,138.5767270985364
53.79786898582773,127.82770237384334,184.62331028743347,138.43772667044422
52.8351844962877,127.25960496467043,185.70471336482987,137.66655196266657
52.74781419784545,128.11669741367533,183.63792580998904,138.4535549523224
52.76408224505018,126.48977412716262,186.46839402329542,139.73253826424659
53.44188402560013,127.11489001961598,189.12307882672266,139.1108462378217
54.19488111677676,127.92904570702588,192.3248168548395,140.5385997618894
54.7188303654018,126.47562924900146,194.2546988750653,141.60680365864002
55.72070443769169,128.10104175596317,191.41765503775875,140.67673452891015
55.93027970255685,129.26158068941464,193.81576371135824,138.93700094905972
56.192739159818224,128.24597603723274,191.00573287374445,141.06104290121715
55.598989288338046,125.69916230600441,191.00701920213245,142.72333402267503
56.5266721968338,123.92440120857736,192.4365456780193,142.88601778017468
55.968281093922975,125.53937351430088,189.68072867985597,145.31200942234344
55.402167293728596,124.81274438925887,193.00086116777786,144.19967060544528
55.25524574559167,125.06542132675057,193.2088332485927,145.40407568760227
55.9069859602076,126.87564062720378,189.8376604101229,143.5503225681378
56.85121486643101,127.61270169647082,193.46667328198495,146.07989310109167
56.508791404437964,127.498178047946,191.49135676186,147.54466116773838
55.61778257775235,129.9277060576993,193.80780627687733,144.7173203405488
55.47316010975239,128.9957406835924,196.75821569863888,145.2723477240103
55.4019030735093,129.03155497775518,195.97169362091722,144.22783751311897
54.53955475756156,128.35007491582007,192.64143046409532,144.9711521300351
55.61727088118141,128.11558116618352,195.50347239163668,143.57422417770013
55.516263908606355,128.98878646261232,198.4290912369552,140.84683845396722
55.53655282695946,130.76206321042125,200.31660419180471,141.34010188202825
54.90461845653346,128.4261732516612,197.75975625952904,139.52532482604227
54.293174981163226,130.03848230726695,198.50370667952814,140.00164115242882
53.28588415324205,131.02832771928547,195.27713208836485,141.5262771618576
52.797394882003225,132.95337925924196,198.59937637806448,140.9032504932604
53.72314687905093,132.11449431531437,199.99875263140217,139.04579482836567
54.16593032448571,130.403551610013,197.98638039712353,138.28427646757618
53.80769579486707,129.96202603243066,196.6872514976636,140.0633431056182
53.203970915312176,127.38920124496737,194.54851579222435,138.96202335301584
52.42853061205075,125.08282377524849,191.2169075085895,136.88016007072406
53.25579454173247,127.25375345733453,190.24755109434602,137.84555385549413
53.495826016395746,127.55038402929938,192.8366456611425,136.22797477213226
52.929098894217326,127.15939811030209,194.70624964721708,135.22309417274496
51.92498669485821,124.80502357286153,198.5654421380966,136.7047549336198
52.700033416972055,122.42530347624883,198.70891300772698,135.83618756779532
51.65948937583573,120.81757869544636,199.6587483889982,134.7797693481156
51.98190036117413,121.92525853841921,199.34626361741653,136.27151294752318
52.84827788684385,120.56266984646597,199.06268788220905,133.78497550660882
53.42881278342875,120.84206010141894,202.42347637745243,132.5608523460195
52.8157950050937,119.28749247529316,201.53754036569444,134.2717126669383
52.6022877229734,119.12644797242321,203.3777291706097,134.56173003439955
52.64731331425695,117.08897257982949,203.71816590788328,132.45147695976277
52.20276760457867,116.93375788620202,204.63871858681404,132.58599151267396
51.39562976938347,117.24714127629757,203.73694160478456,133.57163978779838
51.70519049265343,117.15959256686811,205.0861464632568,131.5592434639572
51.31701247366833,116.86360890032515,207.28756041957874,132.8159281478048
50.927940142814634,118.63107516098987,208.6063464895646,134.29357919378998
50.9366280438508,119.88273268932345,209.06239407563723,134.22083526856645
50.43263907242425,121.41126168107525,207.10272999454307,131.68818708519487
49.66950889658393,121.02024821815134,203.9887917384378,131.1542593483288
49.37944413303274,122.14230507366983,201.8498244910919,129.51350864689172
49.55973969263868,123.87245028024705,203.1752367211619,129.74554777979873
50.1965892309123,121.50830834412447,202.54986171755073,131.63154949786755
49.89804373382346,121.31073317077052,201.85058511804857,130.1844000484928
48.98937452149475,123.04988050237158,201.30409979491014,131.11737498067623
48.60109159940058,123.27665435363465,203.84103349738098,132.32178394291586
48.897600787373776,121.12552966259446,204.13517830147208,130.84315946140558
48.25146800112704,123.25226622700082,205.57385497943187,131.06085933424362
48.48867346983307,122.32473352028792,205.81460907493897,130.15660109887423
47.88761128579059,124.19688961650706,202.2383093691949,130.27200350078203
48.033205936304824,124.95261962478885,203.13130748924377,131.2147296836807
47.212019196818254,122.71128363857352,204.08761487392465,133.26479433468668
47.168634534701305,124.88270452187011,201.34125668167712,135.6720075211571
47.80793893357482,125.9225803152544,200.738974166225,136.56354265264486
48.084621092437615,124.7691555881233,203.98158935703822,135.5676390979541
48.03872641697338,124.50857548978419,202.50224538483948,134.31279269637696
48.66202107605636,123.61649415530897,203.1698061765828,135.61276945051281
47.78498317520261,121.38319862996303,202.82015868744435,133.71961140110116
47.59890036975332,120.00738469269638,206.30019572257416,132.05157050586422
47.6199953291439,119.30099667965072,205.63334963507285,131.1612577151431
46.73557645697393,118.66086338034356,205.78803222167988,129.0111414138865
46.411928746181154,117.94815592721372,205.84094763208998,127.24562866734783
46.93089402885498,118.636520783729,205.37119702980672,126.71174623111696
47.574525073891586,118.61797138919715,206.98655991151028,124.91011646041143
46.96479425171256,116.81610113049891,208.6477917049855,124.09855496258955
46.2399235331982,115.13132363489623,210.39908585186078,123.27295631179408
45.61800374139698,113.38242284140718,207.60645537518724,121.74523662701925
46.313832865238346,112.34118299079195,204.56447149587265,122.72738130600084
45.78251315861809,113.50737286315528,206.65616582532465,123.29939162837964
44.92339706594095,113.24047703884463,204.55868628130867,121.97497287471444
45.7336096461523,114.46501129079051,206.07546125670714,122.09605825403163
45.61915835223645,114.7828470878323,204.66289890711056,123.98296890714332
46.50301274878362,115.39525527509026,201.85740273797947,123.80343755447379
46.604632552388274,114.72693220343072,204.13192696147692,124.26129741916068
46.55336465564233,114.0113483754539,206.02338179381826,122.44021188343773
45.93381991225007,112.61093100006683,209.25065877186407,124.3860099921221
46.05403335242628,112.65617724325281,211.73932691676077,126.55146072482043
46.5922540254869,111.90736370111057,213.72644352103146,126.08406168196933
47.13567004305323,112.21541547431664,214.85638694316407,125.54135737783663
46.455622202101246,112.97670951526861,217.37369593246112,123.07092576070644
46.12487201695657,111.17319076703335,216.13940389550183,121.27491895422835
46.21119879477423,111.0634824613382,212.60153201681385,122.70869911937473
46.88860643714342,112.02225597815351,213.61509484149065,121.04746685439416
47.37191592392192,113.56969836434132,213.9406680637336,123.3339387856922
46.43814146121465,111.3844419708319,209.79104758297,121.52365225643028
46.03261238313079,112.05657285568772,208.11472103827168,120.93059455776104
45.452402193167984,111.33573017099052,210.58114780792576,121.29740779956587
45.093866067167,112.8473122781619,208.63567870170255,122.50776634213277
45.72959973114948,113.09676640365913,206.52853992442047,121.93500961830216
45.566838266823005,111.11503859444876,210.5424070079619,120.81302274048359
45.07146078365966,113.292780231485,210.51163841308647,119.42734879839409
45.02422217738206,113.83879534759538,213.29023519399362,118.61154449350558
44.588780414616735,113.97353382486692,214.7379100243959,117.57825400828852
45.26281557553007,115.91621997888197,210.98083560630104,116.90597582030763
45.172237671270956,116.05186179041188,209.73285995882543,114.93170269451919
45.65950383713395,117.46710700823756,210.26412693014922,112.68105260339458
45.625362100224365,116.2448604559162,213.6842858419623,112.05500470809373
46.06812339010928,118.19099226641218,210.72482895651828,112.92776853203208
46.47929262319873,117.37940380764283,210.71606757414457,110.70372978559983
45.801563991477444,115.95466350008239,209.48181928157967,112.90658667972488
46.68459353530353,116.19973438744643,208.04753106871402,113.11830354938097
46.459440356109496,114.05704837657821,207.95717428363403,113.16261250328559
45.57898436317161,112.40182203370195,207.8785012949733,114.16106854724708
44.98129025163897,112.58697307453444,204.29968703763961,114.96278153442124
44.30684196079853,114.18394553235812,203.88738006231893,116.72857087891528
44.25701490283725,115.99895785348752,205.79007656699702,117.76243756248945
44.55784231916605,114.98215806041546,207.1382851913926,119.52113745630548
43.676188568835975,114.10323637887957,206.00691357577642,119.76488722227496
44.314887175542204,116.02772930911486,204.3458869539033,122.05481390328758
44.10385531827203,116.6458574771163,208.1230093515824,122.0099495587337
43.60695907227744,116.04585670032827,204.6919604167465,123.64066744269692
44.12779972102118,113.87012557889788,201.14211374804617,125.97804386265447
44.51634785089255,112.09253044413838,204.31455916922695,128.1819325755501
44.33779312735619,109.86788523261934,202.57561329614776,128.84476088403977
43.57655763773163,107.74001139129058,202.24850234424972,128.90262006420502
43.174281386777565,107.05547056716792,202.72358946449796,126.6965710978424
43.24531187273397,108.70214433351084,200.510403333638,125.55419338373666
42.75482411135465,109.38767801645058,201.29999450536639,123.94505385927698
43.270891663967745,108.32112500658133,200.60050212183802,124.66151741232889
44.13365914004662,108.24385333303103,199.4020164661722,124.69801914152968
44.58068064682201,107.93427336074832,201.2049855850196,123.7866194772077
44.37620561381528,109.30212609872731,198.99701408052115,123.02915921360577
45.13980349766941,107.3870844810443,201.867605812668,123.95963669555289
45.64008223355354,108.4495534234339,199.74531702964802,122.72071145857117
46.03698067822178,109.31063599704733,198.6632448228798,121.95881821413961
46.63554039390558,108.91768616711072,199.91698423763654,121.46213213873382
46.18605555109311,107.68124409553747,198.03895148674184,120.43512541167951
47.05855457876995,107.6821683653659,195.50783453675803,122.40890996764404
46.74012774084856,108.97760455105765,199.01874870294094,121.07949868991119
46.335633695128635,110.44371446156855,195.33443486302755,121.42030690147709
45.50629064379897,108.57733686535875,191.59684666461868,123.01283712175663
45.8920817330398,109.25249109542273,194.45611851745585,123.39771841829696
45.013642953597554,109.0671716211728,191.95825939639747,123.89723638295783
44.582202662259306,108.88736225041306,188.83518895124098,121.67056697109824
43.71852637785782,110.60697832619203,187.72560543066845,121.84171533188513
44.486288828923726,112.79902819069159,188.24928025973267,120.90791423733506
45.37408999288583,114.19366834438367,184.7839516287555,121.58583792959426
45.3049783057973,114.6254645841863,186.6594196811738,123.2472593635182
45.56477019162778,114.58621184082627,187.2441592921137,121.46533813788548
45.868757532478035,112.50541079889213,184.09170302352234,123.10258561752852
45.17025623315651,111.85098543683954,187.56317425825048,124.34568553159406
45.34713798972374,113.60413828126003,187.36957535297034,125.72941867877368
45.43809870417187,111.35649078926771,184.18415479175684,127.7435378021881
45.733370882437775,110.01621874583317,183.0122967695303,129.67976868909545
45.98313396996921,111.37550904476458,184.2743559785978,128.70708025618896
45.45627117328834,111.22888701688608,181.66975171482213,128.66131269816017
45.45936854344907,111.62855672292662,178.65181590557955,129.89113564676373
45.90661950387016,111.14594217942613,181.32583768763288,130.8085232070045
45.430532194561515,109.96970856938633,180.4091563072451,131.7787844068561
45.952376684084,111.34809171622143,180.9427456569726,130.8463087711209
45.54476183936248,110.86124577336258,182.71555332692765,132.81656857652675
44.86945112881208,112.14698333319596,183.2686059132828,132.15921466748077
44.44177873929274,112.19006757922496,185.6031991330947,131.92308896977977
44.181172399771356,110.25876176283518,183.48659414122784,130.5539983558778
44.47730095792388,109.65769768230747,185.64706956624568,132.2103462511677
44.56486620279145,108.0831174623165,187.65086160105062,132.20591952054392
44.576130378395916,107.06326923567916,189.79205306152966,132.5036706615861
44.07424458438695,105.46833778200963,189.36756318117506,134.4019271333792
44.60137727498683,105.88245189669695,185.76874262200948,133.16723492482782
44.460805568660405,106.16315035709046,186.89411452206653,133.53690542672902
45.00238238073545,104.44493902892098,183.4502958153514,131.20444271599487
44.743283457495636,102.83495015088855,181.319725658657,128.58890025183598
45.12231713338866,102.4597054363903,183.99131860323365,126.73735166478252
45.935234012565495,101.00803867603219,184.29822862011284,128.3988131870422
46.7561331413599,101.24149422684006,184.3514613863065,130.05336283964175
46.85493113113986,103.06202917139295,182.41365453146227,131.8919258883418
47.09448967217432,103.33124549783824,179.46180978058106,130.12300608917823
46.747242420107646,104.72437765936782,180.8349367850753,128.81023449659256
47.38356030096978,105.89896813231857,184.0258289717746,127.796023430251
47.41575921682695,103.87135650779551,185.48307672062683,128.99756425111585
47.815381675510615,103.68723064100534,184.9931899124102,130.864188650996
48.710256807567916,105.27269246718579,182.51043974838427,129.64736145253647
48.4821462707341,107.14187413523182,183.18410813947108,129.71555826962202
49.0615010312703,107.28045193197927,185.67873990220127,131.3154048160973
49.34043996379785,106.41799713387626,183.0796456172528,129.54057162282285
49.33223765946158,104.73252454740003,185.51203960154874,131.33813695805492
49.40114423643945,106.18692325286942,184.26308299083814,130.44022666524234
49.65630981920699,107.76437646958118,186.43539630294273,131.85081298457612
50.46586381131452,109.47401184911598,183.7820312828641,130.74612188029104
50.812666879967956,110.30345183056562,184.13252484924968,129.4899603057832
50.49671128124049,111.26521101201448,187.2168489952817,128.41405399387378
51.15892701353264,113.06115131543712,188.59588384362988,127.47714262986136
50.682294228876344,115.17489002627336,187.06676546694848,128.62147336751093
51.282935897188125,113.99917463480423,186.7122144984948,127.02787336676738
51.162963340809526,114.86302119881378,186.01107866988374,127.92815436848565
50.34469797490775,113.93508592283088,188.61546047292347,128.31757061422283
51.2963933012341,114.78646029173615,191.07050130897608,127.06560265896903
52.087826239138685,114.45685905521933,191.20731729899111,127.70696812534068
51.68103358075159,113.26392359457334,188.43676544926237,129.9667432766121
50.796991693719534,111.81424996835352,184.9255466897901,129.0263142926596
50.66590190005542,112.3345781277726,183.25434074177744,129.53989192456214
51.43524353233977,113.67762525974041,181.6239424671932,127.55878667674929
50.742249212662095,113.68456963268837,178.14800427638392,126.75686753033574
50.636072765686905,112.43652385537857,179.60440428574225,126.96689068528191
50.29612267220432,113.43826733112061,176.02835915666253,128.67946028584146
49.97241341283476,112.39276288875253,178.67911686370155,131.07543266438125
49.65932945933166,111.16959628500894,176.43271565704566,129.53105704432267
49.63925877314446,113.26052456927007,179.10127317912415,128.8682438640166
50.12139441595725,112.29762048961291,175.52858869851218,130.27127638928891
49.43212688883699,111.19017061208346,172.2065569680279,129.1383112135299
50.08045446037785,110.53670058741322,171.35432902580652,131.67178481483737
49.80517737134582,111.9844778791996,171.0320412053135,133.36829047240468
50.138111690766586,114.01231798846341,168.17920708121102,130.88365995390583
50.726386055730494,116.21075161665188,165.53884972292593,129.52075975346335
49.884783277862226,113.92960601960158,168.08732841464368,131.0454240995855
49.60179108241651,113.90562015780219,168.4483818555091,130.9313535143241
49.328489523555774,115.41038432390404,165.8149446403526,128.45828038607715
50.039258756959626,114.18358663228847,165.60536795170694,127.64909060479745
50.98049467925862,114.54984839664637,168.28156786842894,128.99708017958952
51.64700320776137,115.4953957931498,166.65533588770694,129.5792442988954
50.984470300050056,115.58254633221401,165.62011314319324,129.9892478404871
51.41439882921712,113.35080411884464,168.2840482040604,129.6751502818111
50.722983107568794,111.60703347080388,170.23224066518165,132.19044282074105
50.55182654509133,112.65111679115468,170.89652152734257,129.83786211856923
50.2206780374439,112.51264821335064,174.28958221556567,132.38979704835816
49.22701309596964,111.93213581494301,176.94317012829345,131.61100854651906
48.44840654690057,113.37096895414861,178.70399272631357,131.36241462407182
48.18538552818074,113.44674112724677,176.12629266005624,131.39739653749737
47.808162274518814,114.15904358379665,176.69038466017562,132.98394257160618
47.53548551110749,114.68240955482149,177.72569724452586,131.00385429062908
47.388974398631,113.38133050352923,180.9542495961172,131.038477604952
46.84034904623862,113.79109971321955,177.40887031134915,132.660842414199
47.06740517586673,113.09156819595657,177.34801383174764,132.72949155169184
46.771927712091845,113.32253590615626,180.84924254231237,132.85909542357433
46.61562760977983,112.67899197703449,183.8910951244757,132.68469380519423
46.847993282075095,114.38173950808742,185.5234002278304,133.9794180400428
46.46098373352299,114.24552001620182,184.60299564996507,136.13106498098256
47.20817653702029,114.81600881723206,187.26847952201987,135.99305358892414
46.55727106774037,116.14446089727493,186.89916713535294,136.90546317715481
45.648033526406294,118.03287616867043,184.11748883835827,135.71148356282453
45.731038885567536,116.49777147039379,181.63916538181695,137.80225576435544
45.88419216966341,117.2921936235604,179.73094773696246,136.42913605347684
44.980801900686345,116.80894730934507,179.01505777935154,137.79932296934302
44.165904890628276,117.71366441282204,177.78877482887066,135.55268243108347
44.9925511069955,119.88846284984365,174.30287910224087,132.89360568579283
45.36476410097782,121.6628904176493,171.89442956348424,130.6234150586254
45.10441674325387,122.35063454412837,173.13789013201855,128.60166634091303
45.577100572219216,120.18782050113339,175.54127607168283,128.60486844874444
46.20093211311448,119.10226374837673,175.74965210671613,129.0368661579307
46.504918135402846,119.79661261950159,174.959326784951,128.54860870142275
45.96319242040054,120.99008454242684,172.78082912761954,128.47219223651857
46.0643696262142,118.89377599236626,173.61131605784436,129.3222267532493
46.694116752447705,118.52391432328291,173.96858828364367,129.41680435198188
46.71454556365029,120.42546946187755,171.50107890280287,128.49623123149706
46.496663656754656,118.10250913507026,174.6990908725208,126.11650616446757
46.37153013961465,118.49880936198912,174.66649920156792,127.45586361462026
45.574512521655144,119.98614267409245,172.61985641492316,129.19584009225292
45.67611281442481,120.36186454281838,173.67340050350293,126.90608818963518
46.31968095826618,118.12915885589375,174.32240006701642,126.71326452593209
45.398350082524864,117.36175077286727,174.6477447499034,127.51216845955786
44.71945137716777,117.10464588314902,174.39998938217613,126.93776183428896
44.56836282050128,118.99842754303805,172.07726183743705,125.4788454743968
44.699392398009955,118.9274529345949,172.67939393414517,127.48355045829668
45.25066931251861,120.42392070058814,172.35315270615604,127.63066469949229
46.124638060079874,121.93999514741171,171.74423871868714,128.80905431810376
46.279578676123634,123.56590089857197,173.86878793412805,126.44884784921747
46.54302446674168,124.17897502459081,177.04752533724127,128.28049477654628
46.455432440333205,122.54827559953515,173.70346842481533,128.34572683383507
45.608790860948965,122.11981015772628,174.34247952425432,127.36961247798692
44.71359710590146,122.79158425840409,176.7457652314693,127.57403959212992
44.05934505237393,121.6056317005945,175.24173005613292,128.76482213272388
43.9267544601491,119.37068881013673,176.8609670724969,127.16916228941456
43.95744543709085,118.27858504317102,173.80611113045936,126.06320582292614
44.77657243887745,117.37675928939143,177.0799880003953,128.10462197948775
43.96689568859299,115.57929239383135,178.09900952783667,125.8343228976906
43.70606461904979,116.23599907017972,178.41841693365916,125.37047204521997
43.67279922018908,114.86329385521451,181.29528001889722,124.03358730577878
43.720143230591866,114.65721279624047,177.75759127881742,125.6360014257629
43.655316726000336,114.6432332931453,176.35198282446413,127.49595282704672
44.098488084091265,116.89062476783977,179.79618025131683,126.19192573574813
43.39301282307742,115.2926864406078,179.3502790326944,125.65943287639998
43.635135640794985,115.21539412289518,180.72618407850152,124.0750990346939
43.940661875511644,113.70975775278332,181.72174237633777,125.20582403307685
43.933013662901175,113.47691294948064,178.1961851778444,125.40492756441301
43.39257660415454,113.69874143561476,179.21666522858484,123.2278759369492
42.87571326145708,112.29473973435775,177.63997880770577,123.25468227405202
42.34461230016723,112.83917836965134,177.86962455373347,124.1236922148609
41.53020139611846,111.60149131597704,179.3522472722872,122.60834794637769
40.95695478564723,112.54499376983601,178.40368294072258,124.75637224614799
41.28760088557862,112.96822968653599,178.10514183526402,126.02619561443272
41.79330641613952,114.18248571226277,178.49901931226603,125.95944121214602
42.16773755367651,114.83618668312486,176.19367960268906,126.63800076809237
42.80704384878044,113.85659907368881,175.56044318581817,125.35810377696926
41.998555133782354,111.65353535462799,173.88574837385096,126.59843937377718
41.8304293155991,110.92799618275343,173.0785094091846,127.63309480131396
42.264176065078445,111.00020501184484,173.05378832458604,128.6140029286448
42.83178468598223,110.02886370811734,173.0040299689326,127.58653242961228
43.516355140321664,108.73341701999027,170.1105637552372,127.54892622664966
44.33473674939678,108.0481223931275,170.32241169567294,127.19355827483618
43.57943668527959,108.30890613133893,169.92150975679058,124.80295007140474
43.03002709698898,110.278465339952,172.90277494722324,125.32247721113761
43.79414816381759,112.11277771088345,175.99107864231044,123.41739531877077
43.57783364941566,113.79286328365949,176.57391058589894,124.70704107163178
43.39865811694403,113.4062481937678,177.12643082586126,122.44170008629477
42.76000259504111,114.24480595257388,173.98620664100082,121.37896517084364
41.9833858804993,115.698559844957,175.17620644491168,119.2599951658105
42.16419369921673,115.6325988769688,176.32409011939208,118.40506003958606
41.917877130122065,116.55530543538342,175.93577272874055,118.76192318262542
41.88022467471683,118.08039094696211,173.2993517065012,119.03059389087298
41.26011707551001,118.33213735956936,173.98752656356987,120.64350217966268
40.866371965492284,117.40719855846108,172.02310641869175,122.57500930730774
40.19713980677289,119.65577308714876,173.07025606360972,123.52037048613705
39.615177063162875,118.57809115629122,173.67008785927587,125.4125835008709
38.83327779947707,117.35957523585677,170.8255626953798,124.29647006256367
39.58726576094467,119.60290920940723,171.562986281976,124.38278239328308
39.15358695883235,120.08300948977374,169.2598035860967,126.6822468552849
39.675036570317694,118.06512377148293,170.50657169930466,126.29734594681474
39.07931608345548,119.90336450099166,173.2783474893894,127.62624783831762
39.37462667979999,121.74350067247951,176.60423944508415,126.7683290465683
38.89627380085012,119.985210936443,180.00866274975402,125.32041424395617
38.12847900027932,121.0979285971818,182.59174162435463,123.99773797806445
37.66092914179037,118.75322250081655,185.1640120992826,122.54409148020676
37.85803295858749,117.45239416348839,188.35238079873454,123.52056714471105
38.34759178223395,116.47768115720562,187.2112623103502,121.50046818881435
37.65821388110528,118.2945289331669,186.06181317384636,121.30049869977908
37.14446761517225,116.81163931082953,188.14916230891805,119.27264307798721
36.70325954592333,118.44209139343076,185.05108087038806,119.25686147094581
36.954557090697726,117.72230764459087,188.13762603362363,120.31934114130559
37.085931098110294,118.61413992478585,189.6899118849284,120.5532013630435
36.72242153649027,119.29508806155133,188.1255234210678,122.84510127299338
37.45668544965049,120.62944230658536,189.54531110881152,122.08542984709347
36.838199069718314,122.18043504259664,192.07067137686403,124.35870403596525
37.14323998659366,124.41235391175024,194.90490332410187,124.3081282815512
36.96651834716418,125.95722253366895,197.5749031581274,126.59477620445246
37.20380520491104,126.56439388286624,200.0354834262172,125.34881867471701
37.585648509892536,125.1011025612429,201.55883484335723,122.93255523905185
38.225258516299114,124.67955231255397,201.9295723345841,120.62023844315024
38.20637779469836,123.39972645426991,202.8187425489179,120.91195862523
38.38786874069011,122.85487831091014,202.8417093315894,121.15546901723133
37.739564517824974,121.11361082542885,200.26563775377886,121.39161491568845
37.350974260153386,120.42520784697297,200.58192201891848,123.30685682216456
36.84489538097374,122.12693955680709,198.66796511736516,124.32192184276214
36.819068270690835,122.95524592803002,202.43916708286804,122.8829604268833
37.48185064401511,124.99666766647775,203.02539284802242,120.72639663481635
37.19756142861493,123.55199860190801,206.24915455263456,120.51379004427467
37.229043129949005,124.79891306291994,203.55885899964292,119.38968607654044
36.805655982311215,126.41666956364881,201.19121415649832,117.36693877302073
36.60883120171198,126.55050408837282,197.2745805010551,115.82791777293028
36.956571323176014,128.27394571715095,197.2625828532739,116.80846478750044
36.824479238758144,125.95997837269111,195.69242625685905,116.79859360573086
36.76763428019188,123.6374167287286,194.28513623605312,115.77491113934167
37.093613295580816,125.52106049880405,195.61618355801826,116.4452199451939
36.644095654082264,125.84024372673204,199.16690892211662,117.48372881108678
36.89589651758883,126.91112712844158,199.88229210816397,116.7380313135349
36.78743868576315,125.9117650176947,200.90411441054118,118.17417204222627
37.268117397853594,124.61174407821518,203.66261979098834,117.52987887047729
37.5373400230992,123.64521835650314,201.19898126233215,116.00595298299397
37.523841555935086,121.9812731292165,204.21399887980135,116.6669030967526
37.32419747840271,123.16799705495804,203.06100673720294,117.98494750022599
36.91727953853181,125.62821380785792,201.0759688245969,116.12265962974075
36.2286290167586,125.4393794173447,199.40917923138824,114.34722788642588
36.49108944999666,124.5852531568051,196.60883355467791,114.23814975025297
36.41200715038298,126.46168549282771,193.477073888217,116.13773030292627
36.44185876087994,128.55961648953897,194.19375025977718,114.40671909496871
36.33525731867683,127.71421851333025,196.75500541476097,112.27031490260212
35.77606047548407,129.97566591148956,197.46685042611776,110.58219600427593
35.14870620435072,129.73811902133255,197.33543496689887,112.23555861739396
35.753359376527385,127.65515808427939,194.92225509259987,112.02143193458491
35.71006487309477,128.45295196140685,193.5589219373198,110.77952939116138
35.023112545875534,127.3962359979589,197.0011599284578,109.67914422141625
35.0737280450417,126.45283880371393,193.22381487256735,110.05569257737183
34.95052689487744,128.1142045758195,194.5182110958208,108.03792188150535
35.294373283027866,127.47937496077309,192.5162775143158,109.73572196410339
35.402074460762655,129.59948050380257,193.78121279129428,109.82403387511155
35.83402250117783,131.5898186176789,191.3143059153405,111.8696398055737
36.3418514208508,133.40387374411335,194.35935899114924,112.33626479522118
36.06315134147551,132.57778775625434,193.08447696598523,111.32456383258624
35.78534569398439,130.1101288725133,189.7959162644064,112.79802593635087
35.25688602491024,131.25647895185057,188.73117253198205,113.7305532353943
35.9267881758937,131.13985435947015,190.13280118538876,113.22273533211784
35.329246747444095,133.5704657710593,191.52736749458012,113.607931028585
35.01509005668072,136.15932598877373,193.79971789812916,113.61970011734634
34.55778982734688,135.1582183040641,190.22059938664268,112.20514892253016
34.608980905464065,134.90816915807386,189.32873086782567,113.17847449527142
34.14492090692298,136.24364503712565,191.51844227322545,114.1404853060813
34.33871249343311,138.5492066259055,191.46624549418223,116.3195145482144
34.475312330765234,140.79775860991387,189.22615792001963,115.61819384404153
35.04913986562195,140.09275116472446,191.9731849320265,115.69169877377311
35.69548361292759,138.72121705525484,194.67121730193173,117.027174031097
35.50560447848299,138.78301930982818,193.59265399629027,117.33044511843808
34.82468469339867,138.15372491701413,191.695326574517,115.87366427425397
35.22419703905208,138.9895244494216,191.0402845916226,116.61294150838049
34.999779709320634,141.02816888018316,194.03478090868504,116.03482129788749
34.69776202579573,142.1265920279282,196.7123660876086,115.06043999558433
34.81694298289961,141.36242957808818,196.36562244354295,113.84252349570043
34.484753412853706,142.33363828790252,198.07113355899955,113.81080740159662
34.80488007426046,143.66630235889474,194.55617607794494,115.71109806704655
34.82709973288482,145.43251344040786,193.53465701475278,117.29918719198291
35.09615182702857,146.4418329315491,194.81098362437314,117.96327606008937
34.61478334291015,144.58449747626972,194.92906737119662,119.7319167783801
34.9504605152265,145.10544473491012,193.39235551149307,117.96291520219985
35.34816636180064,147.9137455325319,192.29476182051852,116.35412398899669
35.80397018244392,148.7469345015584,194.46823251957196,117.05750497376131
36.1336522091466,146.57426894509217,193.50338643091249,118.05606903669478
35.761608364856066,147.4445937512621,189.73975599033082,115.70270848817259
35.336060110164986,147.28735899637192,189.88640223323372,114.25829665103399
35.87323442220734,149.00331747876166,191.8853703543838,114.95621617897845
36.01896851284349,149.7764170841802,194.2205190841485,113.79062106395665
35.39760750179243,147.79004579133044,195.7168160626774,114.53105442080111
34.90869587147325,146.20664843233482,193.52111855826692,115.97353351034225
35.330105761128635,146.77350831977822,192.90832262584388,116.64706710771857
35.35106855314277,145.14155064084375,194.16533440308817,115.9085674521168
35.05420981203651,145.82099039562675,190.61093768470218,114.46980202295451
35.526082918780716,147.11310301631767,191.22148615174734,113.17827102806457
34.86948137420413,144.50219452471242,190.83420743074467,111.33347536414489
35.384527862512286,147.04005615020378,192.60387066171188,109.55553241654847
36.03961508059617,147.4421144297778,193.62604130874948,108.45026964516467
35.98657853040635,149.64888671553635,194.25816318383175,108.76656163549723
35.398834760984016,151.08824271035604,193.9787511763338,110.08759946953197
34.908715297667165,149.93614535673115,191.95258166030692,108.10455746033654
34.88902238256403,151.81110766051802,188.5060318587653,106.64797509654277
35.19316768482401,150.70256025319435,185.77951597663989,105.95954374593582
34.98085980744084,152.3066853267273,185.20727479849054,106.10193319066686
35.125772037033826,150.0615170225253,183.98957361139884,106.19157584017123
35.43603395780766,150.11928365401454,184.37611547284544,104.38650295649923
35.2440296956089,152.1446959557135,184.67162256693027,104.72857044529225
34.71021338011844,154.2819364915317,185.07268985088672,104.71691887698543
35.08572498021084,152.6441324704261,183.36362955270394,106.79320067022512
35.743893542426655,154.2107023833048,184.3732345089361,104.85628424557737
35.136767928314036,152.844379163809,183.1970611166862,104.31329137783978
35.747461476849196,152.92332068210075,186.82009345812358,103.78294321024575
36.210169913137236,153.04521465931242,188.23599469773484,103.5893721839402
36.808721839842946,150.95466923437075,190.0205462244733,102.87215665277745
36.07683227117709,149.54028510104487,188.54363014639642,101.74797068066955
35.91207156646398,152.2702897621368,186.34458757917997,99.90229541869911
35.44132210049713,154.07866931906773,187.13104671853117,100.73022297658332
35.46948170671478,153.59011817799998,185.4497493857465,100.60845459039187
35.778725289981246,156.5818160473631,186.58584930902722,100.16099022336354
35.679158752893144,156.47735126453932,183.33842419378794,100.43936328328599
35.96866036906998,155.4839398635361,179.72733526856223,100.60435578465862
36.033141135535,154.47886222308932,179.28574653472384,101.8354598930026
36.32578417202807,155.96470411882518,176.97660628919618,101.98031384745698
37.04810960229234,153.0358879373005,175.78492717558242,102.24775258005612
36.457562237117436,152.68449091181506,177.18624908322633,103.544799236973
36.45542964177539,153.39759123845303,175.03512407050516,104.32906197096769
37.08283004221063,153.34106804753742,172.89011060130306,106.11103848008548
37.25308648721482,151.0183606747091,174.80822089196096,105.24279076339657
37.42671872901789,153.96602063172597,176.19750961408553,105.760238455653
37.407773156547066,152.372028618276,173.3968018321382,104.79106370957498
37.18118159597068,151.9771594885164,172.41512465032457,103.2004330846063
37.75702891276133,150.2012437422096,170.208506083316,103.49872158273716
38.43253678018568,151.58562376347962,166.86141139183528,101.68716922052275
38.747972874271866,148.78668502899484,166.0709038490127,101.76935686951576
38.87292693922655,145.91789078460357,166.25506843253828,102.41472584337258
38.82323147754785,146.35323524641024,168.2967500987399,101.23978550740081
38.13508999266784,147.03105471369247,171.08779499529732,101.77715333027409
38.52969902211268,144.27754594513382,172.06803140399154,100.64611268288355
38.31981013570176,144.0104599888749,173.21746340082169,100.72422270716993
38.375577857703576,142.77392222156607,175.0547447790938,98.86989419484989
38.28231207297763,140.4131077187651,177.37922257176933,97.16375727409263
38.0544379872727,140.8270090031788,174.26965885472492,97.12722859803085
38.64686678533405,143.12181026276068,172.87654206528234,98.68638463171517
38.89666817285885,140.8568744592339,169.97509974910093,98.17144505282361
38.53267260236648,142.21005790795573,167.70923731771015,99.49993898035953
38.942574010445625,139.45887505509856,167.9278117470456,99.99982878512964
39.06213798667449,138.59792132768746,165.3209310505001,100.76279224541433
38.35110926090711,135.85286789909563,167.0467860867158,101.5668143912676
38.02773953750256,136.36227645123782,170.23260224826743,101.66541799247466
38.68548043449017,134.046331515661,171.14376100923891,103.49593388808754
38.817605943689756,135.8745680220814,174.07094020655717,101.6448838826566
39.01213510496137,134.482269936257,174.45006450748556,99.73982804952321
39.757370445508705,136.63022028820484,176.23792983113603,99.51549173214731
40.209817609945866,134.44510960146465,174.73971969083965,98.96544898916643
40.57796121974652,133.68829133077347,172.26434162202096,98.10273380103074
40.890475499756135,133.60738245572557,173.89244396075492,97.70667096935189
41.114267810441746,134.7160733721118,173.18578714562412,97.1605860683281
41.37870653331837,135.59778296788377,170.2461105186742,97.3786915693162
40.69272757766889,134.28700735406707,166.87197697954332,98.0623843208893
40.21736302048685,133.76421809838916,165.94715176343544,96.24871288104933
40.39836315545277,136.36929898834853,166.5116421275158,94.9407830762339
40.770299821282286,138.07776218868463,167.32166160999108,93.80501033971167
40.7420912306298,135.46208956741916,165.86780834568802,95.31233767729988
40.52738515396551,134.43318148477158,166.8185558124743,93.99355971212786
40.59802766658916,132.1858384264968,164.10486180240687,95.31986286036157
41.2957190079333,133.62018913106692,162.22290029801147,95.25333900863119
41.439824613936246,132.11713321823314,163.53532904525733,96.86101578011488
41.78978662703659,132.11039983862537,162.06411897297576,97.92809044511242
41.9138646957902,132.67776765108144,159.61502171921023,99.20214802756425
41.755322092620794,130.71993691071847,158.4348881693645,100.29368369180368
41.74687276417857,131.88173842569756,161.3099684866195,101.30090354792502
41.44524313082942,133.10014059277708,160.76527785635236,102.19075536967541
40.87761502761899,133.17660020118538,159.60939686141904,103.43037490538303
40.72229404840563,134.40730783114967,159.61362051734858,105.23009952317513
40.67556303324896,136.8668286725263,160.29352158748213,105.19881263395442
39.96275717654188,135.1607924384685,157.44367246344308,104.86997127864208
40.22916738012831,132.49819025690744,160.15771472375093,105.76878911359172
40.14034168056894,134.33901093514282,161.46571738297527,105.55086187635658
39.568815135902085,136.05828676583386,164.1157733652704,104.7238943976066
39.127231363294825,136.63599337554066,165.38813742506022,106.44396630040096
39.61221549115299,138.30316058315645,167.55936384494626,105.60123045479563
38.9418436907819,140.0824391084984,168.66562910148005,105.93236213701283
39.548564444220375,142.83766525347912,166.129359322728,106.15495082990606
39.232865547625956,140.05944986255113,168.6994861459393,107.37059897716834
39.5659827763471,139.55258889076632,169.8188483682675,106.21357876255061
40.34454722544788,138.86654665656238,166.65868817836215,108.05292921110875
39.60760241714022,138.42829339135125,165.22828305037243,107.02852852930758
39.933706865259936,140.9282337595704,164.97171098045686,106.12251635230463
40.2900842285293,140.7429548024502,167.66417195374993,106.57926921644915
40.10299313029016,139.24495370338389,169.7470556774506,108.69075016390214
40.53440241653234,137.9730087717416,171.8936660886011,106.8988163231622
40.280173416437506,137.27194180259264,171.80922148132626,108.16079537524722
39.81374926503114,138.51058923200333,174.50258679625384,106.87321277293974
40.523412034400735,136.31842627985046,171.2278682593823,107.13342566997798
39.937196647914945,137.91552371094252,169.11520551672146,108.51653003035229
40.197055328222994,140.54543094345067,168.12453974009654,108.78213334894191
40.73679915098255,141.151142982894,165.37170698778505,108.41889809867
40.418835253031205,142.73234383635338,164.86434981464475,108.96341210138227
40.362427200843555,143.50557329818335,166.8515382988527,108.27802429881528
40.12897750639682,145.1503376412276,165.49481096385415,108.5377186104986
40.058235440186486,142.3408001313577,167.68806045735988,110.58516468203662
39.3106817103019,144.71023017633814,167.83713681770226,112.37290355047912
39.08886261640377,142.51670812567897,165.34053884969936,111.51675701140654
38.61468558234568,144.16356755706275,166.17548921749338,110.46931173322737
39.29645559262461,145.54373296275952,165.10527655756738,111.83418062947732
39.01251136581968,147.8059892200093,161.86803196558733,111.04876538618977
39.22212420879211,149.9105598943237,160.293428125398,111.1112860439378
39.40809453481395,147.6194781143256,160.62279615806892,109.11471251883744
40.162539208700125,145.29705883789865,162.56282242590726,109.69081850962392
39.568018748866166,145.74939902408332,164.310054800007,111.74353018837466
39.92708450042772,147.29102306438563,164.68010449348733,110.48994625840834
39.42739175704503,144.41520963626448,163.4427678096652,110.56346268155025
39.441646013256886,142.3302305328644,160.6508926354837,108.78830590946876
39.320251726644834,144.10187299718004,161.11867216043726,107.97417782287337
39.08144598266603,144.29923434800332,158.51206672026646,105.98610710211977
39.534154613096995,144.3698294843081,159.0172005883269,105.35623014830209
39.3837267157897,144.19103411218666,160.51725654927287,105.34042453134045
38.9612304461515,143.71340062861302,163.61625959968168,105.75632350309732
39.16278959755568,143.0198038401395,162.57593430003084,106.74992457593353
38.93860151063946,141.95222713415092,163.68679722254336,107.72578448612865
39.590009870914834,144.23375183648204,162.61084647638484,106.05009165016881
39.67510989103504,147.01327098352436,162.9366956664115,107.67969774777997
40.44360707152599,149.83226527745845,160.3006130621221,108.14684946759947
39.836610367688856,152.30326299395117,161.37162967574056,109.86304844232751
39.63597378080484,151.053692855036,161.7644420438471,109.51552474314114
39.74230819363228,151.93780653179536,158.8890684550612,110.623703191574
40.090551937716356,154.0968331589842,160.26757724978233,109.14337463353102
39.552281272785635,151.9919682569453,161.04793837045693,109.17336583361792
38.801008459873294,150.8512119858041,161.41308706433355,108.25405376449889
39.57541204116121,147.9844746977244,161.48341543571743,108.55939765073566
40.23608044534837,145.40768090039853,161.08357222662443,109.83158371761176
40.62382142983635,144.98103126285352,159.89104894508841,110.74343160851718
39.92282211342127,147.25428804951844,159.89918219576992,109.76680286603141
40.36718358140124,144.765055596507,159.8672371006558,110.27984095947224
40.80368853627643,143.7137595761321,162.5131670635962,108.2948923256803
40.89234118445058,142.623905575413,165.2684331556808,107.57331528535966
40.508482696194186,143.41940694515336,164.83130353446427,105.95861015256163
40.27268889349192,143.34925172723467,167.4191736587656,103.85501771435429
40.732803570384284,140.9160785970006,165.412405596515,102.62950723696558
41.27084108999361,142.87938879925954,162.35075714268993,102.76524817696603
40.90478354294415,140.31051796388462,163.87154017092195,104.44700010544896
41.58505079403391,140.36395168346127,166.0568567858588,104.35622846737436
41.09023530168553,140.3568297887219,168.9532854577757,104.22297285420511
41.379156658401364,139.01373336457524,166.29203802641422,102.28384144426333
41.18958205941959,141.19789396250744,167.21104087195476,103.66689019795079
40.43392439937138,142.26211155967144,168.31363261738858,103.89208543463006
40.73620572097483,144.33399120583928,168.93357775540989,101.88667845611924
40.49738543180598,145.41475338252093,166.4824096626869,100.15486302947923
39.737058769933206,143.6020727155439,164.9241827848619,101.55289565389741
39.25671080814382,144.8237740998782,165.87080247687535,103.52880346649681
38.74338106783538,145.72148173916963,167.8674867075518,104.7721629682593
38.73255772321421,147.50037217922116,169.59845822699626,106.35799282198981
39.16698023051895,146.89618319024783,169.9201805638585,104.75458484205154
39.315192377891336,144.264748400387,168.78986470804088,106.78212841719466
38.63938120643783,146.5734542210894,169.68698372027387,106.57768817906155
39.33582944628752,143.80892604684232,171.59142305382363,108.06903731800884
39.85137643071546,141.01854808587612,175.0098147080808,109.08750348429035
39.45639223956791,138.57185972400728,177.3429639799204,109.40266757348161
38.864936248116585,139.89729807069222,177.36221299649463,109.05748781398817
39.33313751392656,138.30578268846548,176.55211696449015,110.16046035211873
39.056544103611245,139.29289497475912,176.84134732593319,110.86962831155309
39.2914786497261,137.99518987584577,173.98454784065598,109.98771489271209
38.61454497637035,136.15697180792029,174.03012157220468,109.15132097623555
37.87740850669009,134.76381396775284,173.3721626483821,107.69008874023805
38.37596275117192,133.52340883750415,172.53875074170193,105.8288291435367
38.679332638756776,135.36433075096247,171.56066697745885,104.3578192270314
37.947441406990784,133.3585424224148,171.5070164122417,104.98689650650815
38.013455247522444,132.9492117483976,170.79836670019284,104.68188925203286
37.74692909464041,134.77303449102513,168.70571684082202,105.79704006812243
37.33225917682352,135.75347778311254,169.50813245606895,104.83337257831023
37.037782709238655,133.61813008255416,169.67794061807865,105.15991561446596
37.67046006879914,131.75148448433453,172.58501248828242,105.36490836916538
37.37005228424484,132.6927270623936,171.02076438156706,105.73972670402928
37.12664367444321,130.4874341910564,168.31161283703753,105.7903585705483
36.91244748758185,129.12901430625712,167.15599283604809,105.33021762420302
36.254782776629476,128.8220893955042,168.89190007160283,103.36001603802829
36.54156311019871,131.3752575532425,166.82569236548773,101.66866710950116
35.9893639007358,131.11300545088207,167.50871873641034,100.6784905659588
36.21200454094585,129.11344345786554,168.45935589023236,102.33261109860857
35.76713804566142,129.43879004904863,166.0010705193523,102.55829099385343
36.28096269243389,126.88579703503824,167.85857651085087,103.63847501908879
36.223055861721136,126.30027842482026,167.24752310967662,104.82724431335744
35.89215690447247,124.06105314747077,168.935091877049,105.52091746353057
36.31186945208343,123.32832537307605,169.29715346403182,107.08863201158462
36.618871515086006,122.08244730248076,170.59757786302413,105.48558230301362
36.59333162937736,123.79938785312328,168.52980963523785,107.48342940071144
36.17997081202143,123.76974173467487,171.77050790207454,109.09372730725823
35.889150507345235,124.19909354353558,174.9777302550526,110.13886991962539
36.17916020068621,124.97237152136586,177.6230189131869,111.11773146345898
35.86571785364003,123.28561047321955,179.7836385241465,111.37220574398947
36.09817396443756,125.5635380140805,182.056127131225,110.66557417009571
35.52834040559082,124.63858788838135,180.2476713814979,109.94075208954088
35.84860881369557,126.13796387358981,178.782788436939,110.25664180367815
35.89371145280509,126.37515472160766,180.39789527354134,110.7962513760163
35.61906591706669,127.2649779885971,181.29445279140458,112.24877292536574
35.35509769238449,126.45304885908568,181.06781087913117,111.33541398110285
34.70401774641736,125.60762127024387,180.31968558467,111.06741697673792
34.48303160202832,128.11369686622172,177.48610200810396,109.91482146496215
33.80248985995952,126.63376076633106,180.33762099910163,107.94317290540111
34.13665756999516,126.49389683469374,179.61742110719248,109.12336395817319
34.708289735001095,126.14598267152788,180.00345109381394,108.53421893581543
35.21522125112019,127.92758039328876,176.87740319824331,108.80070571706752
34.89880290867073,130.03807305533235,173.36217009247517,109.05692250134993
34.32112616266646,130.2083831735618,174.3106901830611,108.07777372159995
34.447790515185865,128.5845998391851,174.26666831129387,107.50892447606896
34.12546918698946,129.43306053612648,177.71228393285705,105.95358606139624
34.48243718285647,129.5175973997928,177.73837073392463,104.52073544616114
34.5872807328773,126.96473661064681,180.28912459409926,104.34257142363148
34.46885985161447,129.47547390060004,183.37297803772418,104.95260911158131
34.02489434347556,129.06866031286793,186.1872058946505,104.79633978964905
34.52510819501673,128.5765449099725,187.98935925443746,104.88436695865417
34.223293510706135,128.360322692586,190.98946328061754,103.23719544805084
33.9824137747833,127.7057683351666,192.3002235231523,101.39497891609894
34.58981864313375,128.38970441493416,191.67299258565956,103.34805597068497
34.954593947481555,125.8332038540849,189.49061414216922,104.88406385303294
34.3131441771671,123.66718714032234,186.06420116786796,103.9838906667495
34.04494391309609,123.42440017588072,184.01421870783395,103.49271787101486
33.853621526355,124.17974215299935,185.9824239426448,102.8660356522731
34.48194491151229,125.95945187649221,185.6466590872269,101.09569904701756
34.701475984178934,123.66740413562222,189.12887233833763,100.3300138652609
34.72697099269155,121.93191857885152,190.33580358120435,100.76612130484416
34.810494988623205,120.97366701618292,189.72735585189022,102.40783976839242
34.79152061061123,119.66074887931599,188.89559797852635,103.97154129028029
34.379454009327034,117.62364757179402,186.61435362335104,103.0041473580746
34.4815376844573,119.83090676818834,187.87351995895833,101.4689487747335
34.018351137533905,120.99218425903759,188.4292122655354,102.0608868146723
34.635194631432604,118.65251788417098,191.77028094871866,103.49813679566279
34.85457959217338,119.53554886951696,193.32364057676682,102.59670218964214
34.57489310056047,119.79311754048705,193.96951162333693,100.8249928825425
34.268854884451414,121.30861718112106,197.71422479567957,99.1962289420773
34.40012328655199,122.99060557589544,200.90864319091202,100.6104369775983
34.918483273637825,122.97797080639009,200.44148125690887,98.75397362385584
35.147429831916675,122.66741413243275,198.85525222661937,100.61672917434797
34.621735504266866,122.3079505544773,200.19555469796634,102.27445564271162
34.47069129142172,122.69231140329049,197.93719641258875,100.31948265239562
33.867099427623245,121.23171236610298,200.20911107806418,99.56998872907545
33.421194428439534,120.08552292668617,199.67613042252637,97.85289421116923
33.24071493312902,118.40719990357324,200.25061307743104,97.56838999188977
33.06319157475953,118.53286104135093,200.76183167475324,95.89413551637531
32.92736030796104,116.225032743068,201.61964774090575,94.56751925084427
32.80729674600026,115.21991045635842,203.68622212445985,96.09191719773403
32.54655489568956,114.69345972814676,201.5379391829878,95.91347482076888
33.0704964603218,116.46635660857491,203.36724406124992,97.58369431352128
33.09540817861706,118.01506061596916,202.12920336555783,98.7263419578318
33.11811202080083,119.58769152223458,204.13024474286493,100.27545139710773
32.691534265989205,117.30630407765113,205.05444901834827,100.2824840388029
33.05165625554601,115.52334567832668,208.905132319271,100.05583639973578
33.46898381029804,114.86703824674535,207.7855809030379,101.85891651480348
33.3850176179432,114.19428430463891,205.43644620505842,103.09271877826994
33.47909420332719,112.59161883893393,205.06782281150697,103.16575601856583
33.38371220472236,113.52178674732461,206.85102206016873,102.97062893033531
32.99371797609082,115.49826306091605,204.1681403889096,103.26338283620697
33.16599557999532,115.00548906551757,202.97861912660218,102.55517057216075
32.80024255325179,113.34223563764236,204.72079736576862,103.73600379473443
32.847806121025364,112.89398095571197,204.91765757428442,105.70766580206032
33.1673594635751,114.10377826216997,205.81728422699763,107.45564017422575
33.63851983101272,115.94143714066296,207.31163079784832,109.10873449031833
34.18745594474848,115.49201875781408,209.63520945453055,110.84802733125267
34.07341011534246,113.76745428238043,209.70101070227852,110.04286008548783
33.996317631503395,114.50122118493775,206.92745339002732,111.62767148394472
34.136987120093615,116.77943193427953,206.666492493297,109.45087694679108
33.90720297723066,115.8010205785416,206.58968236788942,111.09275320179627
34.186751256965145,117.99496056794658,203.7142983764637,110.54950209113908
33.932414992837494,116.92252270736823,206.31402189507864,112.30538504061269
34.46181171705383,116.52737822885891,202.59721382018355,114.53850234637407
35.02416738961338,116.53072525851513,200.93177103707228,115.82173155175795
35.023062668894475,115.05844427838727,203.84255647761134,116.9978236000984
35.712597348906804,113.65458870312175,205.4874713779522,116.40476823376386
35.20767911107332,111.77951719196486,207.26990974702818,118.22229823298956
35.55807363860611,111.2141747839449,206.02772986950734,117.23795234113446
35.99064838161308,113.30978523528597,202.71390099292663,119.46441743539185
35.36696096346349,111.31709924449284,205.03249270052376,117.18789078964693
35.658059792786354,109.96083833011078,204.9525424644839,118.04033705611234
35.66497820521797,107.9186320703324,202.16923193000036,118.10061889285326
35.43360520245186,105.84855169974706,201.97994003288372,119.22300851863861
34.85111353887566,104.17744199007784,199.09726249078122,118.93624435975836
35.29983424537002,103.67802854113361,196.30890767168842,120.53113649056507
35.96187158681269,101.77597646043434,195.80805252328227,122.21571763884789
35.49282939900041,99.84291465143897,193.29677993527295,121.9664508261154
35.30472511052724,101.36793970418543,195.6825595028156,122.43577597516555
35.80170297138995,102.28557329165803,193.70556889037883,122.6287445789479
35.259859289366545,101.829101119833,195.26358008746757,120.51501858620199
34.723706918816305,101.79561762660055,196.6882482062771,122.43265668790161
34.45013639651297,102.32612682246616,192.96877166325646,124.34542464601375
34.177185802727855,102.25852960868266,194.90873948070498,125.63504541573708
34.83886484400441,101.54830359126845,192.25716597085778,125.39814428687353
34.316748661051314,100.96253267676948,192.4156168748626,127.8785794038746
34.77162655872204,101.43110166853732,194.83774061001643,130.4315579940151
35.190168250785696,102.62376423065473,192.21209974022156,131.99313126419509
34.53069911585021,102.73783597645259,189.54004701106146,131.23411870639538
33.960394606363465,104.4711180255619,190.2001146684033,130.83961611348346
34.42381242477099,102.5437771549547,190.4410534727887,131.4529494642938
34.732614170350196,104.2742302013475,189.78570646333944,132.39922845736814
34.47781415847686,104.69785025868744,193.3658740989679,134.44521731670392
34.201560595982784,102.61978605354915,190.51463148505917,132.7710844434324
33.61927436544275,100.77389316654111,192.0519111804584,134.9340258602543
34.04885567971225,101.53328278760675,192.77520862382184,137.26309435712227
33.99827672762321,100.45452153611498,195.68553960994217,137.80601158801323
33.755840431678614,101.78226799288697,192.04635901620387,138.5055866226761
33.89805269240321,102.40465841232916,195.68346744949028,140.8290518017892
33.38545230952315,100.68505177779298,197.9175765014468,141.79950199086082
33.11422668602621,100.76957394246402,198.93209065311166,140.17264173534682
33.77575294714797,102.44398256440199,196.71831013753388,139.06810653252958
33.87713339366406,101.22575721592412,193.01505631650767,138.951058219789
33.86092598621602,102.28238831830241,189.80294825601342,137.36495800107505
33.30900300601396,103.48164744479088,191.72116288972893,139.67595388075694
32.733804133385405,105.38034486868055,188.4562867663407,139.2881592115619
33.01481028028832,106.63336971619742,189.23384311989724,141.62573222038193
32.88151692859193,106.75441116684595,191.70922748226027,141.4595645963251
32.49360946954884,108.13307304127858,195.06845308939532,141.46714751118506
32.16938673144938,107.13588101367978,192.85304274614228,143.99276153403264
32.18628115111807,105.39150910739829,195.26574002618776,143.46785930487752
31.89686064990307,106.57448448332295,194.83095754839192,145.6973533968667
31.614603163202553,108.55658983967761,194.62174594788456,148.24916955326347
31.720810006430327,106.63180132535145,190.7930461970665,146.7715871454539
31.39622517516275,107.05265809643457,188.92778433887034,148.83825341801202
30.958071704880794,104.99163430812249,189.88718375159704,146.87332660279057
30.759309087603043,106.64942949314919,190.43437089828439,145.53957109051834
30.41839320954192,107.48711747713286,194.1522272695983,142.78804127396887
29.954892423472682,108.70897182071728,192.23474128560053,144.549957204812
30.073894155205846,107.10805009103127,195.5677486673387,145.4199282059572
29.654718328486563,104.9874398971808,193.95429556715598,147.18689236483962
29.443672289318886,104.4793681088943,194.7149500032231,149.13221552154317
28.93256575755171,105.57637576207667,192.91010356572542,149.86383474682887
29.37801337355593,106.16537393505683,190.192956453181,147.58219319866802
29.018037361353667,104.96708118284062,187.99018555685146,148.3812374187851
29.233534323819345,104.00133717586753,186.1597405281428,150.63273463926825
28.87420363730108,104.94750110452094,189.61017048443284,147.8559214377083
28.852957789584316,102.86982850120707,186.2651606068239,150.43329384443
28.753156700238296,101.36041125240791,183.82049697545176,149.285109001139
28.46144866799454,99.86264743615143,185.41073104740056,146.78582056373517
28.088362116612153,99.48900266285261,188.807529415365,147.17501897775477
28.600156966087372,99.18057221906372,190.3739382793413,147.82945563452887
28.41872474673169,97.40320138702096,191.25167636788913,147.5623091370229
28.05548759828107,96.09601740422102,192.69605089536682,145.56101617529575
28.54799324049783,96.2230459729421,195.95691622162775,146.6670973804638
29.04944695697022,94.65016858620434,194.83677128627204,148.27070823335845
29.055869257620653,94.90310692028673,194.3103312013711,145.6098735147975
28.674608623942778,95.92976051724135,194.6798193403654,148.1562009460665
28.371102571042574,95.9825223750994,197.25608010503373,147.81978129131704
28.847436287017256,97.74150289015661,199.86896815338346,145.29753547255808
28.72910332010221,96.35592814207814,201.60507174555224,142.4637072922596
29.038136403899124,95.5860439965128,200.0009625567965,144.29607612770087
29.36980199652638,94.21737560901056,202.32706896722487,147.17811721381943
29.773923124003765,95.50784600827014,205.54874279439866,148.7468806513172
30.122825170946772,94.4071730725758,205.14469884760814,147.3977742143669
29.996545282879275,93.26978547255541,206.08967415333981,145.58837023746298
30.505519243247452,94.90250536624518,206.46491751805567,145.0645812467609
29.97275788163765,94.9729463464284,202.60319346363295,145.36499204023056
29.42668291921053,93.29242677621335,204.0268595656557,146.33592660229087
29.740537512323257,92.47327853766355,201.22902631237946,148.28625226435997
29.463851747652786,90.67742630478816,201.89051033113634,150.72162291915566
29.332963585366862,89.74303395771138,204.30614640654687,152.32358197808196
29.253867112829322,90.75904259419146,205.90031776743362,151.03683596228464
28.86990715591388,91.58962127825153,205.8509486426953,151.0213962638387
29.434118301488112,89.89257772616455,207.943731571943,151.92665540588433
29.038600521105874,88.19738312095613,210.64516741966779,152.0487022535671
28.94594056936841,88.6871779127021,211.29630978113286,155.02202379277392
28.595527678788496,88.04140665235468,211.7638426878761,157.64575838418736
29.079494939065185,88.95348278031501,210.5311963634515,155.11507281710058
28.635459321866325,87.47669151382058,211.058627673331,155.2073306976071
28.540999813942136,86.73169325228726,209.04471105017956,152.4237306680013
28.065942162463756,85.05683530974274,205.89234323491286,154.09367404009316
28.588573638026574,86.35781245850025,209.31981972789112,154.35456829505478
29.000850072045388,87.49015483530243,209.16280545964344,154.7327771215075
28.896229005247154,88.90748957796211,211.83337623149714,156.08669611574473
28.925384284134566,90.49950380670896,210.4295106310702,158.05133398201664
28.948000683571113,91.80730762725929,213.98727783357143,158.85309013098967
28.834500569654963,90.090905231811,215.03215525179846,160.24493637554616
28.325356346371343,90.34263315423627,213.86282626533495,162.0381186756386
28.626869840214017,91.00711267591043,212.44089271400603,162.53021859443496
28.728397571852536,91.14972223870807,209.5207108181842,162.70420485915284
28.156775862268777,90.53114964503024,208.70190175255112,161.8270812456879
28.12984930398729,91.92861286661586,208.39062203751192,164.2628930558233
28.294674831142895,92.72230239002036,210.49991907655723,164.1576617971622
28.689548088406514,92.49352503694634,210.4823441159481,163.6180387806888
29.121824035795207,91.0740473589863,207.0765975812352,161.18501878447992
28.668553536725096,92.48210001516782,207.257296771029,160.86954422818454
29.057009146446454,91.54890028467375,208.56285013248274,163.55751245661853
29.60612301820915,92.46344374682401,209.63677172938216,161.65754193597812
29.052610981766176,92.03893097623579,212.09722815683008,162.41978677991037
29.590167079353,90.2069615521849,211.67615959449128,163.1234959546327
29.184988865128428,90.96098735111033,212.50149616647946,163.11974662929077
29.638996636404094,89.3354307028608,211.17365622025653,163.4202439536062
29.593298985804644,89.65620818759831,208.7563322191764,163.60476119573656
29.593180008721774,88.82714452007683,205.76502246083626,162.8168917809847
30.004202073466367,87.48546978239362,209.77326193001693,164.1038961522697
30.333443857953533,86.9642166415781,210.26915412907618,163.15930220054003
30.83741539914611,86.45617829122524,209.60690594794855,165.7184167503266
30.411228143390442,87.204584196995,210.40121792631322,167.866956870423
30.00043458914291,85.49863322205174,213.54433505204608,167.09684180818968
30.285860474897014,87.02771445624987,215.67968206058845,165.61920921350168
29.9955123987476,88.01297050342455,213.9172185345291,166.96635328774414
30.29261602249385,89.07892092098824,214.68714866712625,164.78134527181436
30.709787396769908,88.63355346198048,216.99731773977982,165.74054231077739
30.961671643446003,86.90386189369612,220.96446504547325,168.86639772792745
30.954878972132565,86.42088950096924,221.82265176311537,170.54496168863992
31.41519861958064,86.75917790277768,223.27124459922402,173.83113863135915
31.46941352274482,85.50261576238832,222.53202416979184,173.0972930474943
31.26054408275059,84.03689710926328,218.39870148695667,173.8273854386176
31.21821085721712,82.58462714272197,220.9937835878254,170.4054403512863
31.552027624246293,84.0196311546562,219.923051978129,171.0466579369406
31.28666057132372,82.89393567070402,219.75937340932833,167.98624332808487
31.188114663998196,82.20085535477207,221.2704184077434,164.8729698797517
30.906812474339528,82.58116809446051,224.1587080070944,162.53141765133574
31.103087413193823,81.97530756399642,227.77500055540798,165.71431926002325
31.50528709520339,81.46777053518394,232.32717730000417,164.50674275804107
31.414279224633407,82.79482232508563,236.61980404085296,163.6379017037845
31.313379658516187,83.31872346940837,240.71333488890843,164.46634934622608
30.93487285334636,82.75656085746783,244.5647056869539,163.6801765920679
31.063813459394268,83.71517434735361,241.45971949661032,166.68422993672786
30.756823934049308,83.19816383622612,245.81085260715687,164.6529617606907
30.810803174056858,81.87022645572564,246.3567682221929,162.11138819215137
30.67533025799386,82.02796865860724,243.36326121022768,162.16828896428592
31.287638843406967,81.375155818333,248.04593341126875,158.98128023220082
31.02429993103554,81.00972139933982,251.93227289054917,157.29771161184834
30.950966436384128,80.95477539635388,252.9706893159381,154.83476527027003
30.568628446978376,82.34642577783191,251.49089928537086,151.74206341572418
30.98876533523626,83.43348318116574,249.64861999471717,154.4794954967531
31.373679276623253,84.61118046834642,246.8320537171501,153.030142696141
30.826438716174437,83.4749427856924,246.80547544950144,153.36111354104074
30.946657011772366,84.77795458195787,242.84380795650804,151.37131230497693
30.545413405223403,84.97708599305346,243.43897185372754,151.35322847901043
30.32715358032522,83.58674278518619,239.8921614095902,152.8000340123346
30.667381420057403,82.86919682416668,237.47742355996314,155.01463747731347
30.404172143147555,81.55373847374413,238.56986571530322,157.23294753286905
30.55519392203284,80.62872178924732,236.17296823185575,154.97716221722297
31.15299923406896,81.60356493897847,237.83215236903564,156.17382571771427
31.71766428560216,81.05581419214123,240.2850454837714,155.97645783560634
31.563771024033002,81.41619411066671,237.00263658105789,158.7722619588711
31.49665130017733,81.2588420657193,240.5230155239924,159.62505994608244
32.04210551464911,80.07427769840794,244.5812349147317,157.0517188400892
32.145050654664985,81.25672332008362,247.41768813486829,155.96459105489308
31.607407128600386,80.58760551128614,248.35163648112484,158.45786216932962
31.971914861512552,80.17623402823928,246.53797728843315,160.25316779095098
32.60730846322339,79.01792137938187,244.7814154130649,157.34435489226664
32.36609732215554,77.89354961110797,248.26930334331377,159.66355988366598
32.37638245621579,77.18567014963571,252.67036325063276,161.23782614240002
32.728147258425594,77.23798711977044,253.66338766675932,163.07906090802112
32.77781771151608,76.44235983946552,248.7433008914055,163.52605009741987
32.85948450688442,75.60047696567521,244.12359130979797,166.37243079527528
32.40985399704302,74.47413734454375,239.36552791439203,164.05513894425428
32.52412839816895,73.00827173695919,239.41656809713325,166.10799144557225
32.74429307980011,72.47292609944414,243.92329542896033,167.52447348083962
32.74091292498542,71.9818773398912,241.86268396353796,167.93232522281465
33.32120777378431,71.54055296599832,242.52067356375477,164.82231667099805
32.809916810230504,70.49062520803028,239.91323136227882,163.36599044403823
32.38797773982681,70.18107417369346,242.8499048510544,163.51710398842079
31.878038803360116,68.84269529760536,238.26165597246793,164.34160319466295
31.733046068008417,67.4792590434715,236.2747378559789,162.79983015051207
31.44702867311669,66.5338663424906,235.36405868835877,164.8404459769066
31.915000254674162,67.29350501079732,233.64366827856597,163.33874947683478
32.3661445045,67.41286795054309,229.6729417356594,166.1338360944656
32.162903273169995,68.64509442746613,229.50503072870916,168.05522867933544
32.01639174484009,67.38937662080451,226.45400239855158,165.47536707092257
31.416348165423,68.41890430105389,223.6559401049333,164.810125123596
31.57275239804682,67.64969191782076,221.91777443701778,164.1913778332821
31.771232506863704,66.5949190470962,225.07041266127118,164.16405655878003
31.480657091284947,65.8545065801955,224.12610765874476,163.69410335526948
31.747115250614392,66.71160240585965,222.87880560170615,164.2146986698453
32.167093399244145,67.98749143917044,227.29988522621196,163.5801083936033
32.80652068861045,66.80760167231443,224.65871757932905,165.4195809766077
32.83714747795581,67.91952897217308,225.9080648951728,167.30971470768975
32.58383629629726,67.43652099367647,229.39557648477265,165.92958497828872
31.95415248685309,68.16523714244109,224.89992311031224,162.89377158895363
31.64029723535964,68.96186569170673,224.27005374924784,159.98489082262034
31.347741714299385,69.9096803349966,227.8880375257559,161.2063904994748
30.96056208153605,71.0391762063513,228.17589968401884,162.28795233777296
31.518098197080164,70.2183900597672,227.80506538149663,160.52871655687892
31.096614490626873,70.45837415152768,225.6426841214611,160.72178287544546
30.97419006013585,71.37155841677108,226.94715830716302,158.35579076432848
30.915564374355135,71.49854098510217,224.43457922041853,155.9173652673231
30.88103094688324,70.99549018438283,226.7573328885077,159.02134076785424
31.384477665395615,70.04581338164806,229.634662983097,158.84049762535827
31.28183864334825,70.91574924928908,227.88894910051422,160.64962953987649
31.789492061800882,71.42006015765206,224.36488674944962,160.93106927252035
32.255184640809176,70.49173751638837,228.73688118186146,163.44645210105156
31.814474797975684,70.40781850186484,228.966746201694,162.1852258147982
31.46680895798855,71.22528387057905,225.96899090632536,161.03132922076244
31.799826333893144,69.9668693524921,228.23820477162513,162.89152642874802
31.843532369552104,70.76798283973109,228.5341949181161,161.89998998232417
31.316768298727865,71.51805799975752,225.8002385199646,163.09267003516752
31.645164625412427,70.68745694168614,230.1942602814756,162.8698951562307
32.11743478289813,69.77546941723199,228.7858199028472,162.1218803827518
32.32016425347494,69.94267498417464,231.45564905225942,160.77947454100305
31.691426162870872,69.75974720897534,227.57403918379833,158.19799094790196
31.913028372840387,69.3234738511273,231.54819470742905,160.23277890547405
32.159071177254425,70.38867808734642,228.2707508775814,162.9841025083929
31.87463307946305,70.86745126689172,227.91868546172432,162.07231012597276
31.386110807462014,70.7101775694149,229.76363722260803,160.27928326258373
31.762366799984292,70.54327540654184,230.15015865813749,157.4358033912782
31.765619549256755,69.18865925654242,227.4352156173567,159.73390113293527
32.25205084415444,70.54344118780602,223.28025886605388,157.41414101575427
31.857132121395644,71.4130207588378,224.90052382411915,155.3116797765204
31.24049030874796,70.41237717219343,229.2498274828637,155.6760463751638
30.68421355633038,69.10226485943448,230.8363951899116,157.06098243550738
30.9441873847201,70.09192920927889,231.7540765653295,156.1597256744897
30.88562458549924,70.27978790543811,232.79589288300616,154.9584558388878
30.600313336327275,71.0814048151123,232.45767051034034,153.24620821675998
30.688481817897415,69.98107937709153,230.90543185709268,153.09893911501112
31.23135492636007,70.52060409743615,229.6480904836697,154.98555272867702
31.372332539909618,70.9886166475276,229.7439089159767,156.98880804583752
30.91305387057138,70.50249516434147,234.16033181212953,154.63437001289105
30.863020767700284,71.36585221405728,231.233685570668,154.58772030352998
30.960240974136852,70.16312353997206,234.30118503495459,151.8862422832429
31.095697970524885,71.45693337957914,230.0373364384128,151.74950929846858
30.515137108722783,71.94928265400685,232.2226121285745,154.24911696284929
29.952648013202076,71.88656959449786,233.4030065821557,153.84037083800965
30.439648521574707,70.92690131919301,237.3600873012821,156.44894076208885
30.044821933648265,71.77683477878224,234.66934251473762,154.1691137022938
29.90418280388797,70.79018322945645,238.59620097843313,155.44667795691925
30.380489649501595,70.31432563549023,239.11243667894007,156.12579072552717
29.81235185212019,69.50034189702139,240.88182921897845,156.34594830791988
29.79995247398426,68.16838268671121,239.69318668237278,153.55799470442702
29.34472300792664,68.40511234539721,240.58768590809083,152.46968894743318
29.307049759278506,68.32206697142206,240.63286038792702,151.9924409266369
29.120108073904362,68.45566522970593,243.89729734598674,154.65459688230942
29.532152620242464,69.27645885737127,246.8392973125637,152.29423363030963
29.156071298543974,68.72139507828042,247.7816140224,152.56683713572937
28.58287720264417,69.8899437696475,252.51103325901693,154.66344204690836
28.92852596687737,69.79235654904451,250.5376117530497,156.95485300293325
29.163315915647516,70.07774940415841,254.6063389728041,156.9684795141706
29.727508713296583,70.68182905098135,249.9067350568622,155.54528956937799
29.54824135875849,69.68135274948303,248.86264776457773,152.70043848950274
29.588024414141035,69.8793014838775,246.08241298905804,155.25313719361543
29.073845827248697,68.53069876393947,250.6245249905767,156.51316610455825
28.584490303358574,67.42033199465183,252.04348325393036,156.30911242168358
28.177367266057637,67.40045784412095,256.37469207722285,155.14341679436703
28.523668825259136,67.46166334410233,259.31329035064215,154.61037692823692
28.414105140728285,67.96933194525484,263.90380487182466,155.86622145886105
27.907279065021708,67.43763475980334,268.6900747931565,153.87789393950848
28.094991108701308,66.23545090457587,265.94832025277924,151.22519383173517
28.055351206977,66.37391807135337,263.19672723348987,150.8455930661277
27.65206571013261,65.99257625688087,263.3743971019806,148.85183431326362
27.889330539052395,66.4130680564406,262.26153244433755,149.5515535934696
28.148062478102222,65.75235793047922,261.5022038834442,146.67639434131596
27.706543393620017,66.89379344931953,264.3497997476232,146.52081345482472
27.937924238791897,67.53373758652312,263.4365576354726,144.95280446056375
28.088787757149024,66.86793243100004,266.7314339661663,143.9038349338682
28.607248778126408,65.57866200882945,261.65924380082356,143.9854466264577
28.227484809143313,65.5612576321436,259.31214831948745,144.91001161722605
27.999773394529438,66.0130692963921,255.2891366877596,146.12699928053604
27.594943744799945,64.83741911989776,258.7793164667958,144.3851791102494
27.77830319885101,63.95893413107722,257.1091045557787,141.59677987944036
28.289802255445267,64.82300049441766,261.31006497221404,140.1346613291961
28.124973615319547,65.77736650361341,262.5950652624576,142.53128296433368
28.19604855387984,65.42378883011489,267.4240215758877,143.69745778436595
28.26162662901874,64.99124265070068,271.9459832647937,141.0834945981508
27.72715153594512,65.00672524942799,272.6275878653741,138.77049290125194
27.499694879688988,64.37982987494121,275.8871265864207,139.71615739884663
27.726466172007104,65.5291314029233,276.29610420273366,141.76757582496236
28.023657914934244,66.20911577350293,271.22147099357716,144.58261049643352
27.866183556043875,66.54602583384411,271.27112909744585,144.77601824686374
27.435847277277198,65.76046411407985,269.4229238494829,146.34365766809498
27.861250365042455,64.62413586269584,273.95880084283766,144.01032626451322
27.540982196270658,64.20954708707445,274.67509601641115,146.52722823171436
27.162863951060302,63.85316627334416,279.6666283901576,145.27219846090458
27.28107854447543,63.40671419193266,276.1190517775352,144.64138435824017
27.288383408800104,63.59721263646632,280.8723641001437,141.78229851539143
27.71378339195576,63.61462496940933,277.33873403575194,140.70693767554567
28.19703496750383,63.663261095888295,278.33377381891,139.07413871551958
28.1355503767885,64.47591622828787,277.31949897117096,139.4088642256158
28.230143567550755,65.55998302688982,276.2834406248848,138.04515928357768
28.122966449417017,66.80059495239772,280.05998608632956,139.8768589832104
27.68462600843068,65.53708444397348,275.3965454438144,142.26383120209948
27.2377050703478,65.54659012339373,275.1160798863707,142.2889757453495
27.367407336435885,64.48601958468228,280.0880629682032,144.0256212399826
26.93304532489848,64.64223668431046,278.1022433369639,145.66573510088367
26.647504041295193,65.83048766345398,273.52515992845105,142.9202251113022
26.346359838506302,65.70537480932484,277.24265946810453,142.42351391678363
26.833144418414975,65.00629010011897,282.368554722854,144.97498739145965
26.78829193518098,63.985960416787556,277.02327882508763,143.0589438098886
26.65847143928409,65.26483014961536,276.4403470596895,143.85187082687725
27.185848226475155,64.99414824323577,280.99824672463257,143.32142546887064
27.243074927587234,64.18860088482514,280.83546303299846,144.45033553084326
27.348952204759517,63.512585551629876,284.8216754482277,142.86441009896916
27.00281983132214,62.657360525538095,289.42773590563644,143.9137302583667
26.46499629679707,63.26526422697122,287.43717602561765,141.09247575249324
26.648132628354695,63.69593086295309,291.9369261259451,139.23398393348495
27.173222598251577,63.74427793589699,291.65052650805535,139.5561949241098
26.70417269660891,64.6237722494458,296.4158128245934,138.09711397951807
26.67628494140074,64.57260533809112,302.07695494299537,137.07561070723693
26.95036950261327,64.50075252405279,306.16799249506,137.75906989693956
26.457343009396592,65.26248036862862,301.62756667572336,135.77655289040484
26.981077648512716,66.45347422668068,305.07082454782056,136.11950655103834
27.486022864900185,66.85915220208224,307.51393396259726,133.79021761696708
27.143794869934332,65.83526007320184,307.8340805006619,133.64652261691586
